Status,Start,Finish,Duration
400,2021-05-20 14:16:22.789019,2021-05-20 14:16:22.789531,0 days 00:00:00.000512
200,2021-05-20 14:16:22.789042,2021-05-20 14:16:22.789543,0 days 00:00:00.000501
500,2021-05-20 14:16:22.789049,2021-05-20 14:16:22.789349,0 days 00:00:00.000300
500,2021-05-20 14:16:22.789054,2021-05-20 14:16:22.789455,0 days 00:00:00.000401
500,2021-05-20 14:16:22.789059,2021-05-20 14:16:22.789560,0 days 00:00:00.000501
500,2021-05-20 14:16:22.789065,2021-05-20 14:16:22.789366,0 days 00:00:00.000301
400,2021-05-20 14:16:22.789070,2021-05-20 14:16:22.789471,0 days 00:00:00.000401
200,2021-05-20 14:16:22.789075,2021-05-20 14:16:22.789376,0 days 00:00:00.000301
500,2021-05-20 14:16:22.789081,2021-05-20 14:16:22.789581,0 days 00:00:00.000500
200,2021-05-20 14:16:22.789086,2021-05-20 14:16:22.789487,0 days 00:00:00.000401
500,2021-05-20 14:16:22.789091,2021-05-20 14:16:22.789392,0 days 00:00:00.000301
400,2021-05-20 14:16:22.789096,2021-05-20 14:16:22.789397,0 days 00:00:00.000301
500,2021-05-20 14:16:22.789101,2021-05-20 14:16:22.789601,0 days 00:00:00.000500
500,2021-05-20 14:16:22.789106,2021-05-20 14:16:22.789407,0 days 00:00:00.000301
200,2021-05-20 14:16:22.789112,2021-05-20 14:16:22.789412,0 days 00:00:00.000300
200,2021-05-20 14:16:22.789117,2021-05-20 14:16:22.789518,0 days 00:00:00.000401
400,2021-05-20 14:16:22.789122,2021-05-20 14:16:22.789323,0 days 00:00:00.000201
500,2021-05-20 14:16:22.789128,2021-05-20 14:16:22.789329,0 days 00:00:00.000201
200,2021-05-20 14:16:22.789133,2021-05-20 14:16:22.789334,0 days 00:00:00.000201
400,2021-05-20 14:16:22.789138,2021-05-20 14:16:22.789539,0 days 00:00:00.000401
200,2021-05-20 14:16:22.789143,2021-05-20 14:16:22.789544,0 days 00:00:00.000401
200,2021-05-20 14:16:22.789149,2021-05-20 14:16:22.789650,0 days 00:00:00.000501
500,2021-05-20 14:16:22.789154,2021-05-20 14:16:22.789455,0 days 00:00:00.000301
400,2021-05-20 14:16:22.789159,2021-05-20 14:16:22.789660,0 days 00:00:00.000501
400,2021-05-20 14:16:22.789164,2021-05-20 14:16:22.789665,0 days 00:00:00.000501
200,2021-05-20 14:16:22.789170,2021-05-20 14:16:22.789471,0 days 00:00:00.000301
500,2021-05-20 14:16:22.789175,2021-05-20 14:16:22.789676,0 days 00:00:00.000501
500,2021-05-20 14:16:22.789181,2021-05-20 14:16:22.789381,0 days 00:00:00.000200
200,2021-05-20 14:16:22.789186,2021-05-20 14:16:22.789387,0 days 00:00:00.000201
200,2021-05-20 14:16:22.789191,2021-05-20 14:16:22.789592,0 days 00:00:00.000401
400,2021-05-20 14:16:22.789196,2021-05-20 14:16:22.789697,0 days 00:00:00.000501
200,2021-05-20 14:16:22.789202,2021-05-20 14:16:22.789702,0 days 00:00:00.000500
400,2021-05-20 14:16:22.789207,2021-05-20 14:16:22.789708,0 days 00:00:00.000501
200,2021-05-20 14:16:22.789212,2021-05-20 14:16:22.789513,0 days 00:00:00.000301
500,2021-05-20 14:16:22.789217,2021-05-20 14:16:22.789518,0 days 00:00:00.000301
200,2021-05-20 14:16:22.789222,2021-05-20 14:16:22.789723,0 days 00:00:00.000501
500,2021-05-20 14:16:22.789228,2021-05-20 14:16:22.789428,0 days 00:00:00.000200
400,2021-05-20 14:16:22.789233,2021-05-20 14:16:22.789534,0 days 00:00:00.000301
500,2021-05-20 14:16:22.789238,2021-05-20 14:16:22.789538,0 days 00:00:00.000300
400,2021-05-20 14:16:22.789243,2021-05-20 14:16:22.789444,0 days 00:00:00.000201
500,2021-05-20 14:16:22.789248,2021-05-20 14:16:22.789449,0 days 00:00:00.000201
500,2021-05-20 14:16:22.789253,2021-05-20 14:16:22.789754,0 days 00:00:00.000501
200,2021-05-20 14:16:22.789258,2021-05-20 14:16:22.789659,0 days 00:00:00.000401
200,2021-05-20 14:16:22.789263,2021-05-20 14:16:22.789464,0 days 00:00:00.000201
400,2021-05-20 14:16:22.789268,2021-05-20 14:16:22.789469,0 days 00:00:00.000201
500,2021-05-20 14:16:22.789273,2021-05-20 14:16:22.789574,0 days 00:00:00.000301
500,2021-05-20 14:16:22.789278,2021-05-20 14:16:22.789679,0 days 00:00:00.000401
400,2021-05-20 14:16:22.789284,2021-05-20 14:16:22.789485,0 days 00:00:00.000201
500,2021-05-20 14:16:22.789289,2021-05-20 14:16:22.789490,0 days 00:00:00.000201
200,2021-05-20 14:16:22.789295,2021-05-20 14:16:22.789695,0 days 00:00:00.000400
200,2021-05-20 14:16:22.789299,2021-05-20 14:16:22.789800,0 days 00:00:00.000501
400,2021-05-20 14:16:22.789304,2021-05-20 14:16:22.789805,0 days 00:00:00.000501
200,2021-05-20 14:16:22.789309,2021-05-20 14:16:22.789610,0 days 00:00:00.000301
200,2021-05-20 14:16:22.789315,2021-05-20 14:16:22.789716,0 days 00:00:00.000401
400,2021-05-20 14:16:22.789320,2021-05-20 14:16:22.789721,0 days 00:00:00.000401
400,2021-05-20 14:16:22.789325,2021-05-20 14:16:22.789826,0 days 00:00:00.000501
200,2021-05-20 14:16:22.789330,2021-05-20 14:16:22.789631,0 days 00:00:00.000301
500,2021-05-20 14:16:22.789335,2021-05-20 14:16:22.789736,0 days 00:00:00.000401
400,2021-05-20 14:16:22.789341,2021-05-20 14:16:22.789742,0 days 00:00:00.000401
200,2021-05-20 14:16:22.789347,2021-05-20 14:16:22.789748,0 days 00:00:00.000401
400,2021-05-20 14:16:22.789352,2021-05-20 14:16:22.789753,0 days 00:00:00.000401
400,2021-05-20 14:16:22.789357,2021-05-20 14:16:22.789658,0 days 00:00:00.000301
500,2021-05-20 14:16:22.789362,2021-05-20 14:16:22.789763,0 days 00:00:00.000401
200,2021-05-20 14:16:22.789367,2021-05-20 14:16:22.789768,0 days 00:00:00.000401
400,2021-05-20 14:16:22.789373,2021-05-20 14:16:22.789873,0 days 00:00:00.000500
500,2021-05-20 14:16:22.789378,2021-05-20 14:16:22.789779,0 days 00:00:00.000401
500,2021-05-20 14:16:22.789383,2021-05-20 14:16:22.789784,0 days 00:00:00.000401
500,2021-05-20 14:16:22.789388,2021-05-20 14:16:22.789789,0 days 00:00:00.000401
400,2021-05-20 14:16:22.789393,2021-05-20 14:16:22.789694,0 days 00:00:00.000301
500,2021-05-20 14:16:22.789398,2021-05-20 14:16:22.789699,0 days 00:00:00.000301
400,2021-05-20 14:16:22.789404,2021-05-20 14:16:22.789804,0 days 00:00:00.000400
200,2021-05-20 14:16:22.789409,2021-05-20 14:16:22.789709,0 days 00:00:00.000300
400,2021-05-20 14:16:22.789415,2021-05-20 14:16:22.789716,0 days 00:00:00.000301
500,2021-05-20 14:16:22.789422,2021-05-20 14:16:22.789722,0 days 00:00:00.000300
500,2021-05-20 14:16:22.789440,2021-05-20 14:16:22.789941,0 days 00:00:00.000501
400,2021-05-20 14:16:22.789446,2021-05-20 14:16:22.789746,0 days 00:00:00.000300
400,2021-05-20 14:16:22.789451,2021-05-20 14:16:22.789952,0 days 00:00:00.000501
200,2021-05-20 14:16:22.789456,2021-05-20 14:16:22.789757,0 days 00:00:00.000301
200,2021-05-20 14:16:22.789461,2021-05-20 14:16:22.789662,0 days 00:00:00.000201
500,2021-05-20 14:16:22.789467,2021-05-20 14:16:22.789668,0 days 00:00:00.000201
400,2021-05-20 14:16:22.789472,2021-05-20 14:16:22.789673,0 days 00:00:00.000201
400,2021-05-20 14:16:22.789477,2021-05-20 14:16:22.789778,0 days 00:00:00.000301
500,2021-05-20 14:16:22.789482,2021-05-20 14:16:22.789683,0 days 00:00:00.000201
400,2021-05-20 14:16:22.789487,2021-05-20 14:16:22.789688,0 days 00:00:00.000201
500,2021-05-20 14:16:22.789492,2021-05-20 14:16:22.789993,0 days 00:00:00.000501
200,2021-05-20 14:16:22.789497,2021-05-20 14:16:22.789698,0 days 00:00:00.000201
200,2021-05-20 14:16:22.789502,2021-05-20 14:16:22.789703,0 days 00:00:00.000201
200,2021-05-20 14:16:22.789507,2021-05-20 14:16:22.790008,0 days 00:00:00.000501
200,2021-05-20 14:16:22.789512,2021-05-20 14:16:22.789813,0 days 00:00:00.000301
200,2021-05-20 14:16:22.789518,2021-05-20 14:16:22.789919,0 days 00:00:00.000401
200,2021-05-20 14:16:22.789524,2021-05-20 14:16:22.789724,0 days 00:00:00.000200
500,2021-05-20 14:16:22.789529,2021-05-20 14:16:22.789930,0 days 00:00:00.000401
500,2021-05-20 14:16:22.789534,2021-05-20 14:16:22.790035,0 days 00:00:00.000501
400,2021-05-20 14:16:22.789539,2021-05-20 14:16:22.789840,0 days 00:00:00.000301
200,2021-05-20 14:16:22.789544,2021-05-20 14:16:22.790045,0 days 00:00:00.000501
200,2021-05-20 14:16:22.789550,2021-05-20 14:16:22.789751,0 days 00:00:00.000201
200,2021-05-20 14:16:22.789555,2021-05-20 14:16:22.789755,0 days 00:00:00.000200
500,2021-05-20 14:16:22.789560,2021-05-20 14:16:22.790061,0 days 00:00:00.000501
200,2021-05-20 14:16:22.789565,2021-05-20 14:16:22.789766,0 days 00:00:00.000201
200,2021-05-20 14:16:22.789570,2021-05-20 14:16:22.790071,0 days 00:00:00.000501
400,2021-05-20 14:16:22.789575,2021-05-20 14:16:22.789775,0 days 00:00:00.000200
400,2021-05-20 14:16:22.789580,2021-05-20 14:16:22.789780,0 days 00:00:00.000200
500,2021-05-20 14:16:22.789585,2021-05-20 14:16:22.789885,0 days 00:00:00.000300
400,2021-05-20 14:16:22.789589,2021-05-20 14:16:22.789790,0 days 00:00:00.000201
200,2021-05-20 14:16:22.789594,2021-05-20 14:16:22.790095,0 days 00:00:00.000501
400,2021-05-20 14:16:22.789599,2021-05-20 14:16:22.790100,0 days 00:00:00.000501
400,2021-05-20 14:16:22.789604,2021-05-20 14:16:22.790106,0 days 00:00:00.000502
400,2021-05-20 14:16:22.789611,2021-05-20 14:16:22.789912,0 days 00:00:00.000301
200,2021-05-20 14:16:22.789616,2021-05-20 14:16:22.789917,0 days 00:00:00.000301
400,2021-05-20 14:16:22.789622,2021-05-20 14:16:22.790022,0 days 00:00:00.000400
500,2021-05-20 14:16:22.789627,2021-05-20 14:16:22.790028,0 days 00:00:00.000401
400,2021-05-20 14:16:22.789632,2021-05-20 14:16:22.789933,0 days 00:00:00.000301
400,2021-05-20 14:16:22.789637,2021-05-20 14:16:22.790138,0 days 00:00:00.000501
500,2021-05-20 14:16:22.789642,2021-05-20 14:16:22.789843,0 days 00:00:00.000201
500,2021-05-20 14:16:22.789647,2021-05-20 14:16:22.790148,0 days 00:00:00.000501
200,2021-05-20 14:16:22.789652,2021-05-20 14:16:22.789853,0 days 00:00:00.000201
200,2021-05-20 14:16:22.789657,2021-05-20 14:16:22.790058,0 days 00:00:00.000401
500,2021-05-20 14:16:22.789663,2021-05-20 14:16:22.790063,0 days 00:00:00.000400
500,2021-05-20 14:16:22.789667,2021-05-20 14:16:22.789968,0 days 00:00:00.000301
400,2021-05-20 14:16:22.789672,2021-05-20 14:16:22.789973,0 days 00:00:00.000301
400,2021-05-20 14:16:22.789677,2021-05-20 14:16:22.789878,0 days 00:00:00.000201
200,2021-05-20 14:16:22.789682,2021-05-20 14:16:22.790183,0 days 00:00:00.000501
500,2021-05-20 14:16:22.789687,2021-05-20 14:16:22.789888,0 days 00:00:00.000201
200,2021-05-20 14:16:22.789692,2021-05-20 14:16:22.789893,0 days 00:00:00.000201
400,2021-05-20 14:16:22.789697,2021-05-20 14:16:22.790198,0 days 00:00:00.000501
400,2021-05-20 14:16:22.789702,2021-05-20 14:16:22.790103,0 days 00:00:00.000401
400,2021-05-20 14:16:22.789708,2021-05-20 14:16:22.790209,0 days 00:00:00.000501
500,2021-05-20 14:16:22.789714,2021-05-20 14:16:22.789914,0 days 00:00:00.000200
400,2021-05-20 14:16:22.789719,2021-05-20 14:16:22.790019,0 days 00:00:00.000300
500,2021-05-20 14:16:22.789724,2021-05-20 14:16:22.790124,0 days 00:00:00.000400
500,2021-05-20 14:16:22.789729,2021-05-20 14:16:22.790229,0 days 00:00:00.000500
500,2021-05-20 14:16:22.789734,2021-05-20 14:16:22.790035,0 days 00:00:00.000301
500,2021-05-20 14:16:22.789739,2021-05-20 14:16:22.790040,0 days 00:00:00.000301
400,2021-05-20 14:16:22.789744,2021-05-20 14:16:22.790245,0 days 00:00:00.000501
400,2021-05-20 14:16:22.789750,2021-05-20 14:16:22.789951,0 days 00:00:00.000201
500,2021-05-20 14:16:22.789755,2021-05-20 14:16:22.789956,0 days 00:00:00.000201
400,2021-05-20 14:16:22.789760,2021-05-20 14:16:22.790261,0 days 00:00:00.000501
400,2021-05-20 14:16:22.789765,2021-05-20 14:16:22.790166,0 days 00:00:00.000401
200,2021-05-20 14:16:22.789770,2021-05-20 14:16:22.790071,0 days 00:00:00.000301
400,2021-05-20 14:16:22.789775,2021-05-20 14:16:22.790076,0 days 00:00:00.000301
400,2021-05-20 14:16:22.789780,2021-05-20 14:16:22.790081,0 days 00:00:00.000301
500,2021-05-20 14:16:22.789785,2021-05-20 14:16:22.790086,0 days 00:00:00.000301
400,2021-05-20 14:16:22.789790,2021-05-20 14:16:22.790090,0 days 00:00:00.000300
400,2021-05-20 14:16:22.789794,2021-05-20 14:16:22.789995,0 days 00:00:00.000201
200,2021-05-20 14:16:22.789799,2021-05-20 14:16:22.790000,0 days 00:00:00.000201
500,2021-05-20 14:16:22.789804,2021-05-20 14:16:22.790005,0 days 00:00:00.000201
500,2021-05-20 14:16:22.789810,2021-05-20 14:16:22.790110,0 days 00:00:00.000300
200,2021-05-20 14:16:22.789814,2021-05-20 14:16:22.790315,0 days 00:00:00.000501
200,2021-05-20 14:16:22.789820,2021-05-20 14:16:22.790221,0 days 00:00:00.000401
500,2021-05-20 14:16:22.789826,2021-05-20 14:16:22.790227,0 days 00:00:00.000401
200,2021-05-20 14:16:22.789831,2021-05-20 14:16:22.790132,0 days 00:00:00.000301
200,2021-05-20 14:16:22.789836,2021-05-20 14:16:22.790037,0 days 00:00:00.000201
400,2021-05-20 14:16:22.789841,2021-05-20 14:16:22.790042,0 days 00:00:00.000201
500,2021-05-20 14:16:22.789846,2021-05-20 14:16:22.790247,0 days 00:00:00.000401
400,2021-05-20 14:16:22.789851,2021-05-20 14:16:22.790351,0 days 00:00:00.000500
400,2021-05-20 14:16:22.789856,2021-05-20 14:16:22.790057,0 days 00:00:00.000201
500,2021-05-20 14:16:22.789861,2021-05-20 14:16:22.790161,0 days 00:00:00.000300
400,2021-05-20 14:16:22.789869,2021-05-20 14:16:22.790070,0 days 00:00:00.000201
200,2021-05-20 14:16:22.789874,2021-05-20 14:16:22.790075,0 days 00:00:00.000201
400,2021-05-20 14:16:22.789879,2021-05-20 14:16:22.790380,0 days 00:00:00.000501
200,2021-05-20 14:16:22.789884,2021-05-20 14:16:22.790385,0 days 00:00:00.000501
400,2021-05-20 14:16:22.789889,2021-05-20 14:16:22.790190,0 days 00:00:00.000301
400,2021-05-20 14:16:22.789894,2021-05-20 14:16:22.790095,0 days 00:00:00.000201
500,2021-05-20 14:16:22.789899,2021-05-20 14:16:22.790199,0 days 00:00:00.000300
500,2021-05-20 14:16:22.789904,2021-05-20 14:16:22.790405,0 days 00:00:00.000501
500,2021-05-20 14:16:22.789909,2021-05-20 14:16:22.790110,0 days 00:00:00.000201
200,2021-05-20 14:16:22.789914,2021-05-20 14:16:22.790215,0 days 00:00:00.000301
400,2021-05-20 14:16:22.789919,2021-05-20 14:16:22.790319,0 days 00:00:00.000400
200,2021-05-20 14:16:22.789923,2021-05-20 14:16:22.790124,0 days 00:00:00.000201
500,2021-05-20 14:16:22.789928,2021-05-20 14:16:22.790229,0 days 00:00:00.000301
200,2021-05-20 14:16:22.789933,2021-05-20 14:16:22.790434,0 days 00:00:00.000501
500,2021-05-20 14:16:22.789939,2021-05-20 14:16:22.790340,0 days 00:00:00.000401
400,2021-05-20 14:16:22.789944,2021-05-20 14:16:22.790144,0 days 00:00:00.000200
400,2021-05-20 14:16:22.789949,2021-05-20 14:16:22.790250,0 days 00:00:00.000301
400,2021-05-20 14:16:22.789955,2021-05-20 14:16:22.790456,0 days 00:00:00.000501
200,2021-05-20 14:16:22.789961,2021-05-20 14:16:22.790461,0 days 00:00:00.000500
500,2021-05-20 14:16:22.789965,2021-05-20 14:16:22.790366,0 days 00:00:00.000401
500,2021-05-20 14:16:22.789970,2021-05-20 14:16:22.790471,0 days 00:00:00.000501
400,2021-05-20 14:16:22.789976,2021-05-20 14:16:22.790176,0 days 00:00:00.000200
200,2021-05-20 14:16:22.789981,2021-05-20 14:16:22.790481,0 days 00:00:00.000500
200,2021-05-20 14:16:22.789985,2021-05-20 14:16:22.790186,0 days 00:00:00.000201
500,2021-05-20 14:16:22.789990,2021-05-20 14:16:22.790491,0 days 00:00:00.000501
400,2021-05-20 14:16:22.789995,2021-05-20 14:16:22.790296,0 days 00:00:00.000301
400,2021-05-20 14:16:22.790000,2021-05-20 14:16:22.790301,0 days 00:00:00.000301
400,2021-05-20 14:16:22.790006,2021-05-20 14:16:22.790206,0 days 00:00:00.000200
200,2021-05-20 14:16:22.790011,2021-05-20 14:16:22.790512,0 days 00:00:00.000501
400,2021-05-20 14:16:22.790017,2021-05-20 14:16:22.790418,0 days 00:00:00.000401
400,2021-05-20 14:16:22.790022,2021-05-20 14:16:22.790223,0 days 00:00:00.000201
200,2021-05-20 14:16:22.790027,2021-05-20 14:16:22.790327,0 days 00:00:00.000300
200,2021-05-20 14:16:22.790032,2021-05-20 14:16:22.790332,0 days 00:00:00.000300
400,2021-05-20 14:16:22.790036,2021-05-20 14:16:22.790237,0 days 00:00:00.000201
500,2021-05-20 14:16:22.790044,2021-05-20 14:16:22.790245,0 days 00:00:00.000201
400,2021-05-20 14:16:22.790050,2021-05-20 14:16:22.790550,0 days 00:00:00.000500
400,2021-05-20 14:16:22.790055,2021-05-20 14:16:22.790555,0 days 00:00:00.000500
400,2021-05-20 14:16:22.790060,2021-05-20 14:16:22.790560,0 days 00:00:00.000500
500,2021-05-20 14:16:22.790065,2021-05-20 14:16:22.790565,0 days 00:00:00.000500
400,2021-05-20 14:16:22.790069,2021-05-20 14:16:22.790570,0 days 00:00:00.000501
200,2021-05-20 14:16:22.790074,2021-05-20 14:16:22.790375,0 days 00:00:00.000301
500,2021-05-20 14:16:22.790079,2021-05-20 14:16:22.790280,0 days 00:00:00.000201
200,2021-05-20 14:16:22.790084,2021-05-20 14:16:22.790485,0 days 00:00:00.000401
500,2021-05-20 14:16:22.790089,2021-05-20 14:16:22.790290,0 days 00:00:00.000201
200,2021-05-20 14:16:22.790095,2021-05-20 14:16:22.790596,0 days 00:00:00.000501
400,2021-05-20 14:16:22.790100,2021-05-20 14:16:22.790601,0 days 00:00:00.000501
500,2021-05-20 14:16:22.790105,2021-05-20 14:16:22.790306,0 days 00:00:00.000201
400,2021-05-20 14:16:22.790110,2021-05-20 14:16:22.790411,0 days 00:00:00.000301
400,2021-05-20 14:16:22.790115,2021-05-20 14:16:22.790516,0 days 00:00:00.000401
500,2021-05-20 14:16:22.790120,2021-05-20 14:16:22.790321,0 days 00:00:00.000201
400,2021-05-20 14:16:22.790125,2021-05-20 14:16:22.790526,0 days 00:00:00.000401
200,2021-05-20 14:16:22.790130,2021-05-20 14:16:22.790631,0 days 00:00:00.000501
400,2021-05-20 14:16:22.790135,2021-05-20 14:16:22.790436,0 days 00:00:00.000301
500,2021-05-20 14:16:22.790140,2021-05-20 14:16:22.790341,0 days 00:00:00.000201
400,2021-05-20 14:16:22.790146,2021-05-20 14:16:22.790646,0 days 00:00:00.000500
200,2021-05-20 14:16:22.790151,2021-05-20 14:16:22.790552,0 days 00:00:00.000401
500,2021-05-20 14:16:22.790156,2021-05-20 14:16:22.790357,0 days 00:00:00.000201
400,2021-05-20 14:16:22.790161,2021-05-20 14:16:22.790562,0 days 00:00:00.000401
400,2021-05-20 14:16:22.790166,2021-05-20 14:16:22.790667,0 days 00:00:00.000501
400,2021-05-20 14:16:22.790171,2021-05-20 14:16:22.790672,0 days 00:00:00.000501
500,2021-05-20 14:16:22.790176,2021-05-20 14:16:22.790577,0 days 00:00:00.000401
200,2021-05-20 14:16:22.790181,2021-05-20 14:16:22.790482,0 days 00:00:00.000301
200,2021-05-20 14:16:22.790186,2021-05-20 14:16:22.790586,0 days 00:00:00.000400
400,2021-05-20 14:16:22.790190,2021-05-20 14:16:22.790691,0 days 00:00:00.000501
500,2021-05-20 14:16:22.790196,2021-05-20 14:16:22.790597,0 days 00:00:00.000401
200,2021-05-20 14:16:22.790201,2021-05-20 14:16:22.790402,0 days 00:00:00.000201
200,2021-05-20 14:16:22.790206,2021-05-20 14:16:22.790607,0 days 00:00:00.000401
400,2021-05-20 14:16:22.790213,2021-05-20 14:16:22.790714,0 days 00:00:00.000501
200,2021-05-20 14:16:22.790218,2021-05-20 14:16:22.790419,0 days 00:00:00.000201
200,2021-05-20 14:16:22.790224,2021-05-20 14:16:22.790725,0 days 00:00:00.000501
400,2021-05-20 14:16:22.790229,2021-05-20 14:16:22.790729,0 days 00:00:00.000500
500,2021-05-20 14:16:22.790234,2021-05-20 14:16:22.790534,0 days 00:00:00.000300
200,2021-05-20 14:16:22.790239,2021-05-20 14:16:22.790739,0 days 00:00:00.000500
500,2021-05-20 14:16:22.790244,2021-05-20 14:16:22.790445,0 days 00:00:00.000201
500,2021-05-20 14:16:22.790250,2021-05-20 14:16:22.790651,0 days 00:00:00.000401
400,2021-05-20 14:16:22.790255,2021-05-20 14:16:22.790456,0 days 00:00:00.000201
200,2021-05-20 14:16:22.790261,2021-05-20 14:16:22.790562,0 days 00:00:00.000301
400,2021-05-20 14:16:22.790268,2021-05-20 14:16:22.790768,0 days 00:00:00.000500
200,2021-05-20 14:16:22.790273,2021-05-20 14:16:22.790474,0 days 00:00:00.000201
500,2021-05-20 14:16:22.790278,2021-05-20 14:16:22.790779,0 days 00:00:00.000501
200,2021-05-20 14:16:22.790283,2021-05-20 14:16:22.790584,0 days 00:00:00.000301
500,2021-05-20 14:16:22.790288,2021-05-20 14:16:22.790788,0 days 00:00:00.000500
200,2021-05-20 14:16:22.790293,2021-05-20 14:16:22.790794,0 days 00:00:00.000501
200,2021-05-20 14:16:22.790298,2021-05-20 14:16:22.790699,0 days 00:00:00.000401
200,2021-05-20 14:16:22.790304,2021-05-20 14:16:22.790804,0 days 00:00:00.000500
400,2021-05-20 14:16:22.790309,2021-05-20 14:16:22.790809,0 days 00:00:00.000500
400,2021-05-20 14:16:22.790314,2021-05-20 14:16:22.790615,0 days 00:00:00.000301
200,2021-05-20 14:16:22.790319,2021-05-20 14:16:22.790520,0 days 00:00:00.000201
200,2021-05-20 14:16:22.790324,2021-05-20 14:16:22.790725,0 days 00:00:00.000401
200,2021-05-20 14:16:22.790329,2021-05-20 14:16:22.790530,0 days 00:00:00.000201
400,2021-05-20 14:16:22.790334,2021-05-20 14:16:22.790535,0 days 00:00:00.000201
500,2021-05-20 14:16:22.790339,2021-05-20 14:16:22.790640,0 days 00:00:00.000301
200,2021-05-20 14:16:22.790344,2021-05-20 14:16:22.790645,0 days 00:00:00.000301
200,2021-05-20 14:16:22.790349,2021-05-20 14:16:22.790549,0 days 00:00:00.000200
400,2021-05-20 14:16:22.790354,2021-05-20 14:16:22.790755,0 days 00:00:00.000401
500,2021-05-20 14:16:22.790360,2021-05-20 14:16:22.790661,0 days 00:00:00.000301
400,2021-05-20 14:16:22.790365,2021-05-20 14:16:22.790765,0 days 00:00:00.000400
500,2021-05-20 14:16:22.790370,2021-05-20 14:16:22.790771,0 days 00:00:00.000401
200,2021-05-20 14:16:22.790375,2021-05-20 14:16:22.790876,0 days 00:00:00.000501
200,2021-05-20 14:16:22.790380,2021-05-20 14:16:22.790781,0 days 00:00:00.000401
200,2021-05-20 14:16:22.790385,2021-05-20 14:16:22.790585,0 days 00:00:00.000200
200,2021-05-20 14:16:22.790392,2021-05-20 14:16:22.790593,0 days 00:00:00.000201
500,2021-05-20 14:16:22.790397,2021-05-20 14:16:22.790798,0 days 00:00:00.000401
200,2021-05-20 14:16:22.790402,2021-05-20 14:16:22.790703,0 days 00:00:00.000301
200,2021-05-20 14:16:22.790408,2021-05-20 14:16:22.790909,0 days 00:00:00.000501
200,2021-05-20 14:16:22.790413,2021-05-20 14:16:22.790914,0 days 00:00:00.000501
500,2021-05-20 14:16:22.790418,2021-05-20 14:16:22.790919,0 days 00:00:00.000501
400,2021-05-20 14:16:22.790423,2021-05-20 14:16:22.790624,0 days 00:00:00.000201
200,2021-05-20 14:16:22.790428,2021-05-20 14:16:22.790729,0 days 00:00:00.000301
200,2021-05-20 14:16:22.790433,2021-05-20 14:16:22.790734,0 days 00:00:00.000301
500,2021-05-20 14:16:22.790438,2021-05-20 14:16:22.790639,0 days 00:00:00.000201
400,2021-05-20 14:16:22.790443,2021-05-20 14:16:22.790844,0 days 00:00:00.000401
400,2021-05-20 14:16:22.790448,2021-05-20 14:16:22.790849,0 days 00:00:00.000401
500,2021-05-20 14:16:22.790453,2021-05-20 14:16:22.790954,0 days 00:00:00.000501
500,2021-05-20 14:16:22.790458,2021-05-20 14:16:22.790659,0 days 00:00:00.000201
400,2021-05-20 14:16:22.790463,2021-05-20 14:16:22.790864,0 days 00:00:00.000401
500,2021-05-20 14:16:22.790468,2021-05-20 14:16:22.790669,0 days 00:00:00.000201
200,2021-05-20 14:16:22.790473,2021-05-20 14:16:22.790873,0 days 00:00:00.000400
200,2021-05-20 14:16:22.790478,2021-05-20 14:16:22.790879,0 days 00:00:00.000401
400,2021-05-20 14:16:22.790483,2021-05-20 14:16:22.790984,0 days 00:00:00.000501
400,2021-05-20 14:16:22.790489,2021-05-20 14:16:22.790990,0 days 00:00:00.000501
500,2021-05-20 14:16:22.790494,2021-05-20 14:16:22.790694,0 days 00:00:00.000200
200,2021-05-20 14:16:22.790499,2021-05-20 14:16:22.790799,0 days 00:00:00.000300
200,2021-05-20 14:16:22.790504,2021-05-20 14:16:22.790705,0 days 00:00:00.000201
200,2021-05-20 14:16:22.790509,2021-05-20 14:16:22.791009,0 days 00:00:00.000500
400,2021-05-20 14:16:22.790513,2021-05-20 14:16:22.791014,0 days 00:00:00.000501
400,2021-05-20 14:16:22.790518,2021-05-20 14:16:22.790919,0 days 00:00:00.000401
400,2021-05-20 14:16:22.790523,2021-05-20 14:16:22.790824,0 days 00:00:00.000301
400,2021-05-20 14:16:22.790528,2021-05-20 14:16:22.791029,0 days 00:00:00.000501
500,2021-05-20 14:16:22.790533,2021-05-20 14:16:22.791034,0 days 00:00:00.000501
200,2021-05-20 14:16:22.790538,2021-05-20 14:16:22.790839,0 days 00:00:00.000301
500,2021-05-20 14:16:22.790543,2021-05-20 14:16:22.790844,0 days 00:00:00.000301
400,2021-05-20 14:16:22.790548,2021-05-20 14:16:22.791049,0 days 00:00:00.000501
400,2021-05-20 14:16:22.790554,2021-05-20 14:16:22.791055,0 days 00:00:00.000501
200,2021-05-20 14:16:22.790559,2021-05-20 14:16:22.790960,0 days 00:00:00.000401
500,2021-05-20 14:16:22.790567,2021-05-20 14:16:22.790867,0 days 00:00:00.000300
200,2021-05-20 14:16:22.790573,2021-05-20 14:16:22.790773,0 days 00:00:00.000200
200,2021-05-20 14:16:22.790578,2021-05-20 14:16:22.790879,0 days 00:00:00.000301
200,2021-05-20 14:16:22.790583,2021-05-20 14:16:22.790984,0 days 00:00:00.000401
200,2021-05-20 14:16:22.790588,2021-05-20 14:16:22.791089,0 days 00:00:00.000501
500,2021-05-20 14:16:22.790593,2021-05-20 14:16:22.791094,0 days 00:00:00.000501
400,2021-05-20 14:16:22.790598,2021-05-20 14:16:22.790999,0 days 00:00:00.000401
400,2021-05-20 14:16:22.790603,2021-05-20 14:16:22.790904,0 days 00:00:00.000301
400,2021-05-20 14:16:22.790608,2021-05-20 14:16:22.790809,0 days 00:00:00.000201
400,2021-05-20 14:16:22.790613,2021-05-20 14:16:22.790814,0 days 00:00:00.000201
200,2021-05-20 14:16:22.790618,2021-05-20 14:16:22.790818,0 days 00:00:00.000200
200,2021-05-20 14:16:22.790623,2021-05-20 14:16:22.791124,0 days 00:00:00.000501
200,2021-05-20 14:16:22.790628,2021-05-20 14:16:22.791129,0 days 00:00:00.000501
400,2021-05-20 14:16:22.790633,2021-05-20 14:16:22.791034,0 days 00:00:00.000401
400,2021-05-20 14:16:22.790638,2021-05-20 14:16:22.791039,0 days 00:00:00.000401
200,2021-05-20 14:16:22.790643,2021-05-20 14:16:22.790844,0 days 00:00:00.000201
400,2021-05-20 14:16:22.790648,2021-05-20 14:16:22.791149,0 days 00:00:00.000501
200,2021-05-20 14:16:22.790653,2021-05-20 14:16:22.791155,0 days 00:00:00.000502
500,2021-05-20 14:16:22.790660,2021-05-20 14:16:22.791161,0 days 00:00:00.000501
200,2021-05-20 14:16:22.790665,2021-05-20 14:16:22.790966,0 days 00:00:00.000301
400,2021-05-20 14:16:22.790670,2021-05-20 14:16:22.791171,0 days 00:00:00.000501
200,2021-05-20 14:16:22.790675,2021-05-20 14:16:22.790876,0 days 00:00:00.000201
400,2021-05-20 14:16:22.790680,2021-05-20 14:16:22.790981,0 days 00:00:00.000301
500,2021-05-20 14:16:22.790685,2021-05-20 14:16:22.790885,0 days 00:00:00.000200
400,2021-05-20 14:16:22.790690,2021-05-20 14:16:22.790891,0 days 00:00:00.000201
400,2021-05-20 14:16:22.790695,2021-05-20 14:16:22.791095,0 days 00:00:00.000400
500,2021-05-20 14:16:22.790699,2021-05-20 14:16:22.791200,0 days 00:00:00.000501
200,2021-05-20 14:16:22.790705,2021-05-20 14:16:22.791005,0 days 00:00:00.000300
200,2021-05-20 14:16:22.790709,2021-05-20 14:16:22.791110,0 days 00:00:00.000401
400,2021-05-20 14:16:22.790714,2021-05-20 14:16:22.791015,0 days 00:00:00.000301
200,2021-05-20 14:16:22.790719,2021-05-20 14:16:22.791120,0 days 00:00:00.000401
500,2021-05-20 14:16:22.790724,2021-05-20 14:16:22.791025,0 days 00:00:00.000301
200,2021-05-20 14:16:22.790729,2021-05-20 14:16:22.791230,0 days 00:00:00.000501
200,2021-05-20 14:16:22.790736,2021-05-20 14:16:22.791037,0 days 00:00:00.000301
400,2021-05-20 14:16:22.790742,2021-05-20 14:16:22.790942,0 days 00:00:00.000200
500,2021-05-20 14:16:22.790747,2021-05-20 14:16:22.790947,0 days 00:00:00.000200
500,2021-05-20 14:16:22.790752,2021-05-20 14:16:22.791252,0 days 00:00:00.000500
200,2021-05-20 14:16:22.790757,2021-05-20 14:16:22.791158,0 days 00:00:00.000401
200,2021-05-20 14:16:22.790762,2021-05-20 14:16:22.791063,0 days 00:00:00.000301
500,2021-05-20 14:16:22.790767,2021-05-20 14:16:22.791168,0 days 00:00:00.000401
400,2021-05-20 14:16:22.790772,2021-05-20 14:16:22.791073,0 days 00:00:00.000301
400,2021-05-20 14:16:22.790777,2021-05-20 14:16:22.791278,0 days 00:00:00.000501
400,2021-05-20 14:16:22.790782,2021-05-20 14:16:22.790982,0 days 00:00:00.000200
400,2021-05-20 14:16:22.790787,2021-05-20 14:16:22.791187,0 days 00:00:00.000400
500,2021-05-20 14:16:22.790792,2021-05-20 14:16:22.791192,0 days 00:00:00.000400
400,2021-05-20 14:16:22.790797,2021-05-20 14:16:22.791298,0 days 00:00:00.000501
400,2021-05-20 14:16:22.790802,2021-05-20 14:16:22.791203,0 days 00:00:00.000401
400,2021-05-20 14:16:22.790807,2021-05-20 14:16:22.791108,0 days 00:00:00.000301
500,2021-05-20 14:16:22.790812,2021-05-20 14:16:22.791113,0 days 00:00:00.000301
200,2021-05-20 14:16:22.790817,2021-05-20 14:16:22.791318,0 days 00:00:00.000501
500,2021-05-20 14:16:22.790822,2021-05-20 14:16:22.791322,0 days 00:00:00.000500
400,2021-05-20 14:16:22.790827,2021-05-20 14:16:22.791027,0 days 00:00:00.000200
400,2021-05-20 14:16:22.790832,2021-05-20 14:16:22.791332,0 days 00:00:00.000500
200,2021-05-20 14:16:22.790837,2021-05-20 14:16:22.791238,0 days 00:00:00.000401
200,2021-05-20 14:16:22.790842,2021-05-20 14:16:22.791243,0 days 00:00:00.000401
500,2021-05-20 14:16:22.790847,2021-05-20 14:16:22.791048,0 days 00:00:00.000201
200,2021-05-20 14:16:22.790852,2021-05-20 14:16:22.791153,0 days 00:00:00.000301
500,2021-05-20 14:16:22.790857,2021-05-20 14:16:22.791058,0 days 00:00:00.000201
500,2021-05-20 14:16:22.790863,2021-05-20 14:16:22.791164,0 days 00:00:00.000301
500,2021-05-20 14:16:22.790868,2021-05-20 14:16:22.791269,0 days 00:00:00.000401
500,2021-05-20 14:16:22.790873,2021-05-20 14:16:22.791074,0 days 00:00:00.000201
400,2021-05-20 14:16:22.790878,2021-05-20 14:16:22.791279,0 days 00:00:00.000401
500,2021-05-20 14:16:22.790883,2021-05-20 14:16:22.791085,0 days 00:00:00.000202
400,2021-05-20 14:16:22.790890,2021-05-20 14:16:22.791291,0 days 00:00:00.000401
400,2021-05-20 14:16:22.790895,2021-05-20 14:16:22.791196,0 days 00:00:00.000301
200,2021-05-20 14:16:22.790900,2021-05-20 14:16:22.791101,0 days 00:00:00.000201
500,2021-05-20 14:16:22.790905,2021-05-20 14:16:22.791106,0 days 00:00:00.000201
200,2021-05-20 14:16:22.790912,2021-05-20 14:16:22.791313,0 days 00:00:00.000401
200,2021-05-20 14:16:22.790918,2021-05-20 14:16:22.791218,0 days 00:00:00.000300
400,2021-05-20 14:16:22.790923,2021-05-20 14:16:22.791424,0 days 00:00:00.000501
400,2021-05-20 14:16:22.790928,2021-05-20 14:16:22.791329,0 days 00:00:00.000401
400,2021-05-20 14:16:22.790933,2021-05-20 14:16:22.791334,0 days 00:00:00.000401
400,2021-05-20 14:16:22.790938,2021-05-20 14:16:22.791439,0 days 00:00:00.000501
500,2021-05-20 14:16:22.790943,2021-05-20 14:16:22.791144,0 days 00:00:00.000201
400,2021-05-20 14:16:22.790948,2021-05-20 14:16:22.791148,0 days 00:00:00.000200
200,2021-05-20 14:16:22.790953,2021-05-20 14:16:22.791354,0 days 00:00:00.000401
200,2021-05-20 14:16:22.790958,2021-05-20 14:16:22.791459,0 days 00:00:00.000501
200,2021-05-20 14:16:22.790963,2021-05-20 14:16:22.791264,0 days 00:00:00.000301
500,2021-05-20 14:16:22.790968,2021-05-20 14:16:22.791269,0 days 00:00:00.000301
500,2021-05-20 14:16:22.790973,2021-05-20 14:16:22.791374,0 days 00:00:00.000401
500,2021-05-20 14:16:22.790978,2021-05-20 14:16:22.791379,0 days 00:00:00.000401
200,2021-05-20 14:16:22.790983,2021-05-20 14:16:22.791184,0 days 00:00:00.000201
400,2021-05-20 14:16:22.790988,2021-05-20 14:16:22.791289,0 days 00:00:00.000301
500,2021-05-20 14:16:22.790994,2021-05-20 14:16:22.791394,0 days 00:00:00.000400
200,2021-05-20 14:16:22.790999,2021-05-20 14:16:22.791300,0 days 00:00:00.000301
400,2021-05-20 14:16:22.791004,2021-05-20 14:16:22.791405,0 days 00:00:00.000401
200,2021-05-20 14:16:22.791009,2021-05-20 14:16:22.791410,0 days 00:00:00.000401
400,2021-05-20 14:16:22.791014,2021-05-20 14:16:22.791315,0 days 00:00:00.000301
200,2021-05-20 14:16:22.791019,2021-05-20 14:16:22.791320,0 days 00:00:00.000301
400,2021-05-20 14:16:22.791025,2021-05-20 14:16:22.791225,0 days 00:00:00.000200
500,2021-05-20 14:16:22.791029,2021-05-20 14:16:22.791330,0 days 00:00:00.000301
200,2021-05-20 14:16:22.791034,2021-05-20 14:16:22.791335,0 days 00:00:00.000301
400,2021-05-20 14:16:22.791039,2021-05-20 14:16:22.791240,0 days 00:00:00.000201
400,2021-05-20 14:16:22.791044,2021-05-20 14:16:22.791445,0 days 00:00:00.000401
500,2021-05-20 14:16:22.791049,2021-05-20 14:16:22.791550,0 days 00:00:00.000501
400,2021-05-20 14:16:22.791054,2021-05-20 14:16:22.791455,0 days 00:00:00.000401
500,2021-05-20 14:16:22.791059,2021-05-20 14:16:22.791460,0 days 00:00:00.000401
200,2021-05-20 14:16:22.791064,2021-05-20 14:16:22.791265,0 days 00:00:00.000201
200,2021-05-20 14:16:22.791070,2021-05-20 14:16:22.791270,0 days 00:00:00.000200
500,2021-05-20 14:16:22.791074,2021-05-20 14:16:22.791375,0 days 00:00:00.000301
200,2021-05-20 14:16:22.791079,2021-05-20 14:16:22.791380,0 days 00:00:00.000301
500,2021-05-20 14:16:22.791087,2021-05-20 14:16:22.791487,0 days 00:00:00.000400
200,2021-05-20 14:16:22.791092,2021-05-20 14:16:22.791592,0 days 00:00:00.000500
200,2021-05-20 14:16:22.791097,2021-05-20 14:16:22.791397,0 days 00:00:00.000300
500,2021-05-20 14:16:22.791101,2021-05-20 14:16:22.791602,0 days 00:00:00.000501
400,2021-05-20 14:16:22.791106,2021-05-20 14:16:22.791607,0 days 00:00:00.000501
200,2021-05-20 14:16:22.791112,2021-05-20 14:16:22.791512,0 days 00:00:00.000400
500,2021-05-20 14:16:22.791117,2021-05-20 14:16:22.791418,0 days 00:00:00.000301
400,2021-05-20 14:16:22.791123,2021-05-20 14:16:22.791424,0 days 00:00:00.000301
500,2021-05-20 14:16:22.791128,2021-05-20 14:16:22.791629,0 days 00:00:00.000501
200,2021-05-20 14:16:22.791133,2021-05-20 14:16:22.791334,0 days 00:00:00.000201
500,2021-05-20 14:16:22.791138,2021-05-20 14:16:22.791539,0 days 00:00:00.000401
500,2021-05-20 14:16:22.791143,2021-05-20 14:16:22.791344,0 days 00:00:00.000201
400,2021-05-20 14:16:22.791149,2021-05-20 14:16:22.791650,0 days 00:00:00.000501
500,2021-05-20 14:16:22.791155,2021-05-20 14:16:22.791556,0 days 00:00:00.000401
200,2021-05-20 14:16:22.791160,2021-05-20 14:16:22.791461,0 days 00:00:00.000301
200,2021-05-20 14:16:22.791165,2021-05-20 14:16:22.791666,0 days 00:00:00.000501
200,2021-05-20 14:16:22.791170,2021-05-20 14:16:22.791671,0 days 00:00:00.000501
400,2021-05-20 14:16:22.791176,2021-05-20 14:16:22.791577,0 days 00:00:00.000401
400,2021-05-20 14:16:22.791181,2021-05-20 14:16:22.791682,0 days 00:00:00.000501
500,2021-05-20 14:16:22.791186,2021-05-20 14:16:22.791587,0 days 00:00:00.000401
500,2021-05-20 14:16:22.791191,2021-05-20 14:16:22.791392,0 days 00:00:00.000201
200,2021-05-20 14:16:22.791196,2021-05-20 14:16:22.791397,0 days 00:00:00.000201
400,2021-05-20 14:16:22.791202,2021-05-20 14:16:22.791402,0 days 00:00:00.000200
200,2021-05-20 14:16:22.791207,2021-05-20 14:16:22.791607,0 days 00:00:00.000400
500,2021-05-20 14:16:22.791212,2021-05-20 14:16:22.791612,0 days 00:00:00.000400
500,2021-05-20 14:16:22.791216,2021-05-20 14:16:22.791517,0 days 00:00:00.000301
500,2021-05-20 14:16:22.791221,2021-05-20 14:16:22.791722,0 days 00:00:00.000501
200,2021-05-20 14:16:22.791226,2021-05-20 14:16:22.791527,0 days 00:00:00.000301
500,2021-05-20 14:16:22.791231,2021-05-20 14:16:22.791432,0 days 00:00:00.000201
500,2021-05-20 14:16:22.791236,2021-05-20 14:16:22.791437,0 days 00:00:00.000201
500,2021-05-20 14:16:22.791242,2021-05-20 14:16:22.791442,0 days 00:00:00.000200
400,2021-05-20 14:16:22.791246,2021-05-20 14:16:22.791647,0 days 00:00:00.000401
200,2021-05-20 14:16:22.791252,2021-05-20 14:16:22.791753,0 days 00:00:00.000501
200,2021-05-20 14:16:22.791259,2021-05-20 14:16:22.791560,0 days 00:00:00.000301
200,2021-05-20 14:16:22.791265,2021-05-20 14:16:22.791466,0 days 00:00:00.000201
400,2021-05-20 14:16:22.791270,2021-05-20 14:16:22.791771,0 days 00:00:00.000501
400,2021-05-20 14:16:22.791275,2021-05-20 14:16:22.791576,0 days 00:00:00.000301
500,2021-05-20 14:16:22.791280,2021-05-20 14:16:22.791681,0 days 00:00:00.000401
500,2021-05-20 14:16:22.791285,2021-05-20 14:16:22.791686,0 days 00:00:00.000401
500,2021-05-20 14:16:22.791290,2021-05-20 14:16:22.791591,0 days 00:00:00.000301
500,2021-05-20 14:16:22.791295,2021-05-20 14:16:22.791796,0 days 00:00:00.000501
400,2021-05-20 14:16:22.791301,2021-05-20 14:16:22.791501,0 days 00:00:00.000200
200,2021-05-20 14:16:22.791306,2021-05-20 14:16:22.791807,0 days 00:00:00.000501
200,2021-05-20 14:16:22.791311,2021-05-20 14:16:22.791812,0 days 00:00:00.000501
400,2021-05-20 14:16:22.791316,2021-05-20 14:16:22.791617,0 days 00:00:00.000301
400,2021-05-20 14:16:22.791321,2021-05-20 14:16:22.791622,0 days 00:00:00.000301
400,2021-05-20 14:16:22.791326,2021-05-20 14:16:22.791527,0 days 00:00:00.000201
400,2021-05-20 14:16:22.791331,2021-05-20 14:16:22.791532,0 days 00:00:00.000201
200,2021-05-20 14:16:22.791336,2021-05-20 14:16:22.791737,0 days 00:00:00.000401
500,2021-05-20 14:16:22.791341,2021-05-20 14:16:22.791742,0 days 00:00:00.000401
400,2021-05-20 14:16:22.791347,2021-05-20 14:16:22.791748,0 days 00:00:00.000401
500,2021-05-20 14:16:22.791353,2021-05-20 14:16:22.791654,0 days 00:00:00.000301
400,2021-05-20 14:16:22.791358,2021-05-20 14:16:22.791859,0 days 00:00:00.000501
500,2021-05-20 14:16:22.791363,2021-05-20 14:16:22.791564,0 days 00:00:00.000201
500,2021-05-20 14:16:22.791368,2021-05-20 14:16:22.791569,0 days 00:00:00.000201
400,2021-05-20 14:16:22.791374,2021-05-20 14:16:22.791675,0 days 00:00:00.000301
400,2021-05-20 14:16:22.791379,2021-05-20 14:16:22.791580,0 days 00:00:00.000201
200,2021-05-20 14:16:22.791384,2021-05-20 14:16:22.791685,0 days 00:00:00.000301
200,2021-05-20 14:16:22.791389,2021-05-20 14:16:22.791790,0 days 00:00:00.000401
400,2021-05-20 14:16:22.791394,2021-05-20 14:16:22.791695,0 days 00:00:00.000301
200,2021-05-20 14:16:22.791399,2021-05-20 14:16:22.791800,0 days 00:00:00.000401
400,2021-05-20 14:16:22.791404,2021-05-20 14:16:22.791905,0 days 00:00:00.000501
400,2021-05-20 14:16:22.791409,2021-05-20 14:16:22.791910,0 days 00:00:00.000501
500,2021-05-20 14:16:22.791414,2021-05-20 14:16:22.791815,0 days 00:00:00.000401
400,2021-05-20 14:16:22.791419,2021-05-20 14:16:22.791920,0 days 00:00:00.000501
400,2021-05-20 14:16:22.791424,2021-05-20 14:16:22.791824,0 days 00:00:00.000400
500,2021-05-20 14:16:22.791429,2021-05-20 14:16:22.791730,0 days 00:00:00.000301
200,2021-05-20 14:16:22.791437,2021-05-20 14:16:22.791738,0 days 00:00:00.000301
200,2021-05-20 14:16:22.791443,2021-05-20 14:16:22.791944,0 days 00:00:00.000501
500,2021-05-20 14:16:22.791449,2021-05-20 14:16:22.791950,0 days 00:00:00.000501
400,2021-05-20 14:16:22.791455,2021-05-20 14:16:22.791956,0 days 00:00:00.000501
400,2021-05-20 14:16:22.791460,2021-05-20 14:16:22.791661,0 days 00:00:00.000201
400,2021-05-20 14:16:22.791466,2021-05-20 14:16:22.791666,0 days 00:00:00.000200
200,2021-05-20 14:16:22.791471,2021-05-20 14:16:22.791672,0 days 00:00:00.000201
500,2021-05-20 14:16:22.791476,2021-05-20 14:16:22.791676,0 days 00:00:00.000200
500,2021-05-20 14:16:22.791481,2021-05-20 14:16:22.791881,0 days 00:00:00.000400
400,2021-05-20 14:16:22.791486,2021-05-20 14:16:22.791687,0 days 00:00:00.000201
200,2021-05-20 14:16:22.791491,2021-05-20 14:16:22.791692,0 days 00:00:00.000201
400,2021-05-20 14:16:22.791496,2021-05-20 14:16:22.791897,0 days 00:00:00.000401
500,2021-05-20 14:16:22.791501,2021-05-20 14:16:22.792002,0 days 00:00:00.000501
500,2021-05-20 14:16:22.791506,2021-05-20 14:16:22.791807,0 days 00:00:00.000301
200,2021-05-20 14:16:22.791511,2021-05-20 14:16:22.791712,0 days 00:00:00.000201
400,2021-05-20 14:16:22.791516,2021-05-20 14:16:22.791817,0 days 00:00:00.000301
500,2021-05-20 14:16:22.791521,2021-05-20 14:16:22.791821,0 days 00:00:00.000300
200,2021-05-20 14:16:22.791526,2021-05-20 14:16:22.791927,0 days 00:00:00.000401
200,2021-05-20 14:16:22.791531,2021-05-20 14:16:22.791732,0 days 00:00:00.000201
400,2021-05-20 14:16:22.791536,2021-05-20 14:16:22.791737,0 days 00:00:00.000201
500,2021-05-20 14:16:22.791542,2021-05-20 14:16:22.791943,0 days 00:00:00.000401
400,2021-05-20 14:16:22.791547,2021-05-20 14:16:22.791748,0 days 00:00:00.000201
500,2021-05-20 14:16:22.791552,2021-05-20 14:16:22.791853,0 days 00:00:00.000301
500,2021-05-20 14:16:22.791557,2021-05-20 14:16:22.791958,0 days 00:00:00.000401
200,2021-05-20 14:16:22.791562,2021-05-20 14:16:22.791863,0 days 00:00:00.000301
400,2021-05-20 14:16:22.791567,2021-05-20 14:16:22.792068,0 days 00:00:00.000501
200,2021-05-20 14:16:22.791572,2021-05-20 14:16:22.791973,0 days 00:00:00.000401
500,2021-05-20 14:16:22.791577,2021-05-20 14:16:22.791778,0 days 00:00:00.000201
400,2021-05-20 14:16:22.791582,2021-05-20 14:16:22.791983,0 days 00:00:00.000401
200,2021-05-20 14:16:22.791587,2021-05-20 14:16:22.792088,0 days 00:00:00.000501
500,2021-05-20 14:16:22.791592,2021-05-20 14:16:22.791993,0 days 00:00:00.000401
500,2021-05-20 14:16:22.791598,2021-05-20 14:16:22.791898,0 days 00:00:00.000300
500,2021-05-20 14:16:22.791603,2021-05-20 14:16:22.791903,0 days 00:00:00.000300
400,2021-05-20 14:16:22.791608,2021-05-20 14:16:22.791808,0 days 00:00:00.000200
500,2021-05-20 14:16:22.791620,2021-05-20 14:16:22.792120,0 days 00:00:00.000500
400,2021-05-20 14:16:22.791625,2021-05-20 14:16:22.792125,0 days 00:00:00.000500
200,2021-05-20 14:16:22.791630,2021-05-20 14:16:22.791931,0 days 00:00:00.000301
500,2021-05-20 14:16:22.791635,2021-05-20 14:16:22.791936,0 days 00:00:00.000301
400,2021-05-20 14:16:22.791640,2021-05-20 14:16:22.791941,0 days 00:00:00.000301
200,2021-05-20 14:16:22.791645,2021-05-20 14:16:22.792146,0 days 00:00:00.000501
200,2021-05-20 14:16:22.791651,2021-05-20 14:16:22.791952,0 days 00:00:00.000301
500,2021-05-20 14:16:22.791656,2021-05-20 14:16:22.791857,0 days 00:00:00.000201
400,2021-05-20 14:16:22.791661,2021-05-20 14:16:22.792062,0 days 00:00:00.000401
400,2021-05-20 14:16:22.791667,2021-05-20 14:16:22.792168,0 days 00:00:00.000501
200,2021-05-20 14:16:22.791672,2021-05-20 14:16:22.791973,0 days 00:00:00.000301
200,2021-05-20 14:16:22.791677,2021-05-20 14:16:22.792078,0 days 00:00:00.000401
200,2021-05-20 14:16:22.791682,2021-05-20 14:16:22.792082,0 days 00:00:00.000400
200,2021-05-20 14:16:22.791687,2021-05-20 14:16:22.791887,0 days 00:00:00.000200
200,2021-05-20 14:16:22.791692,2021-05-20 14:16:22.791892,0 days 00:00:00.000200
500,2021-05-20 14:16:22.791696,2021-05-20 14:16:22.792197,0 days 00:00:00.000501
200,2021-05-20 14:16:22.791702,2021-05-20 14:16:22.792202,0 days 00:00:00.000500
200,2021-05-20 14:16:22.791707,2021-05-20 14:16:22.791907,0 days 00:00:00.000200
500,2021-05-20 14:16:22.791712,2021-05-20 14:16:22.792113,0 days 00:00:00.000401
200,2021-05-20 14:16:22.791717,2021-05-20 14:16:22.792218,0 days 00:00:00.000501
400,2021-05-20 14:16:22.791722,2021-05-20 14:16:22.792123,0 days 00:00:00.000401
400,2021-05-20 14:16:22.791727,2021-05-20 14:16:22.792228,0 days 00:00:00.000501
200,2021-05-20 14:16:22.791732,2021-05-20 14:16:22.792133,0 days 00:00:00.000401
400,2021-05-20 14:16:22.791737,2021-05-20 14:16:22.791938,0 days 00:00:00.000201
500,2021-05-20 14:16:22.791742,2021-05-20 14:16:22.792243,0 days 00:00:00.000501
500,2021-05-20 14:16:22.791747,2021-05-20 14:16:22.792048,0 days 00:00:00.000301
500,2021-05-20 14:16:22.791752,2021-05-20 14:16:22.792252,0 days 00:00:00.000500
400,2021-05-20 14:16:22.791757,2021-05-20 14:16:22.792158,0 days 00:00:00.000401
400,2021-05-20 14:16:22.791762,2021-05-20 14:16:22.791963,0 days 00:00:00.000201
200,2021-05-20 14:16:22.791767,2021-05-20 14:16:22.792268,0 days 00:00:00.000501
400,2021-05-20 14:16:22.791772,2021-05-20 14:16:22.792273,0 days 00:00:00.000501
500,2021-05-20 14:16:22.791777,2021-05-20 14:16:22.791978,0 days 00:00:00.000201
200,2021-05-20 14:16:22.791782,2021-05-20 14:16:22.792283,0 days 00:00:00.000501
200,2021-05-20 14:16:22.791791,2021-05-20 14:16:22.791992,0 days 00:00:00.000201
400,2021-05-20 14:16:22.791796,2021-05-20 14:16:22.791997,0 days 00:00:00.000201
500,2021-05-20 14:16:22.791802,2021-05-20 14:16:22.792002,0 days 00:00:00.000200
400,2021-05-20 14:16:22.791807,2021-05-20 14:16:22.792007,0 days 00:00:00.000200
500,2021-05-20 14:16:22.791812,2021-05-20 14:16:22.792112,0 days 00:00:00.000300
500,2021-05-20 14:16:22.791816,2021-05-20 14:16:22.792217,0 days 00:00:00.000401
400,2021-05-20 14:16:22.791822,2021-05-20 14:16:22.792122,0 days 00:00:00.000300
200,2021-05-20 14:16:22.791827,2021-05-20 14:16:22.792028,0 days 00:00:00.000201
400,2021-05-20 14:16:22.791832,2021-05-20 14:16:22.792132,0 days 00:00:00.000300
500,2021-05-20 14:16:22.791837,2021-05-20 14:16:22.792338,0 days 00:00:00.000501
200,2021-05-20 14:16:22.791842,2021-05-20 14:16:22.792043,0 days 00:00:00.000201
400,2021-05-20 14:16:22.791847,2021-05-20 14:16:22.792148,0 days 00:00:00.000301
200,2021-05-20 14:16:22.791852,2021-05-20 14:16:22.792253,0 days 00:00:00.000401
500,2021-05-20 14:16:22.791857,2021-05-20 14:16:22.792158,0 days 00:00:00.000301
400,2021-05-20 14:16:22.791862,2021-05-20 14:16:22.792063,0 days 00:00:00.000201
200,2021-05-20 14:16:22.791867,2021-05-20 14:16:22.792367,0 days 00:00:00.000500
400,2021-05-20 14:16:22.791872,2021-05-20 14:16:22.792172,0 days 00:00:00.000300
500,2021-05-20 14:16:22.791877,2021-05-20 14:16:22.792077,0 days 00:00:00.000200
400,2021-05-20 14:16:22.791882,2021-05-20 14:16:22.792182,0 days 00:00:00.000300
500,2021-05-20 14:16:22.791886,2021-05-20 14:16:22.792187,0 days 00:00:00.000301
200,2021-05-20 14:16:22.791891,2021-05-20 14:16:22.792292,0 days 00:00:00.000401
500,2021-05-20 14:16:22.791896,2021-05-20 14:16:22.792197,0 days 00:00:00.000301
200,2021-05-20 14:16:22.791903,2021-05-20 14:16:22.792404,0 days 00:00:00.000501
500,2021-05-20 14:16:22.791909,2021-05-20 14:16:22.792110,0 days 00:00:00.000201
500,2021-05-20 14:16:22.791914,2021-05-20 14:16:22.792215,0 days 00:00:00.000301
200,2021-05-20 14:16:22.791919,2021-05-20 14:16:22.792120,0 days 00:00:00.000201
400,2021-05-20 14:16:22.791924,2021-05-20 14:16:22.792124,0 days 00:00:00.000200
200,2021-05-20 14:16:22.791929,2021-05-20 14:16:22.792130,0 days 00:00:00.000201
500,2021-05-20 14:16:22.791934,2021-05-20 14:16:22.792434,0 days 00:00:00.000500
400,2021-05-20 14:16:22.791939,2021-05-20 14:16:22.792140,0 days 00:00:00.000201
400,2021-05-20 14:16:22.791944,2021-05-20 14:16:22.792245,0 days 00:00:00.000301
200,2021-05-20 14:16:22.791950,2021-05-20 14:16:22.792150,0 days 00:00:00.000200
400,2021-05-20 14:16:22.791954,2021-05-20 14:16:22.792155,0 days 00:00:00.000201
500,2021-05-20 14:16:22.791959,2021-05-20 14:16:22.792460,0 days 00:00:00.000501
200,2021-05-20 14:16:22.791968,2021-05-20 14:16:22.792369,0 days 00:00:00.000401
500,2021-05-20 14:16:22.791974,2021-05-20 14:16:22.792275,0 days 00:00:00.000301
500,2021-05-20 14:16:22.791979,2021-05-20 14:16:22.792280,0 days 00:00:00.000301
200,2021-05-20 14:16:22.791984,2021-05-20 14:16:22.792485,0 days 00:00:00.000501
400,2021-05-20 14:16:22.791989,2021-05-20 14:16:22.792390,0 days 00:00:00.000401
400,2021-05-20 14:16:22.791994,2021-05-20 14:16:22.792495,0 days 00:00:00.000501
400,2021-05-20 14:16:22.791999,2021-05-20 14:16:22.792400,0 days 00:00:00.000401
500,2021-05-20 14:16:22.792004,2021-05-20 14:16:22.792305,0 days 00:00:00.000301
200,2021-05-20 14:16:22.792009,2021-05-20 14:16:22.792210,0 days 00:00:00.000201
200,2021-05-20 14:16:22.792014,2021-05-20 14:16:22.792315,0 days 00:00:00.000301
200,2021-05-20 14:16:22.792019,2021-05-20 14:16:22.792220,0 days 00:00:00.000201
500,2021-05-20 14:16:22.792024,2021-05-20 14:16:22.792225,0 days 00:00:00.000201
200,2021-05-20 14:16:22.792029,2021-05-20 14:16:22.792230,0 days 00:00:00.000201
400,2021-05-20 14:16:22.792034,2021-05-20 14:16:22.792235,0 days 00:00:00.000201
200,2021-05-20 14:16:22.792039,2021-05-20 14:16:22.792440,0 days 00:00:00.000401
200,2021-05-20 14:16:22.792044,2021-05-20 14:16:22.792345,0 days 00:00:00.000301
500,2021-05-20 14:16:22.792049,2021-05-20 14:16:22.792250,0 days 00:00:00.000201
400,2021-05-20 14:16:22.792054,2021-05-20 14:16:22.792254,0 days 00:00:00.000200
200,2021-05-20 14:16:22.792059,2021-05-20 14:16:22.792359,0 days 00:00:00.000300
500,2021-05-20 14:16:22.792064,2021-05-20 14:16:22.792364,0 days 00:00:00.000300
500,2021-05-20 14:16:22.792069,2021-05-20 14:16:22.792269,0 days 00:00:00.000200
400,2021-05-20 14:16:22.792073,2021-05-20 14:16:22.792374,0 days 00:00:00.000301
500,2021-05-20 14:16:22.792079,2021-05-20 14:16:22.792280,0 days 00:00:00.000201
200,2021-05-20 14:16:22.792087,2021-05-20 14:16:22.792288,0 days 00:00:00.000201
500,2021-05-20 14:16:22.792092,2021-05-20 14:16:22.792393,0 days 00:00:00.000301
500,2021-05-20 14:16:22.792097,2021-05-20 14:16:22.792298,0 days 00:00:00.000201
400,2021-05-20 14:16:22.792102,2021-05-20 14:16:22.792603,0 days 00:00:00.000501
200,2021-05-20 14:16:22.792107,2021-05-20 14:16:22.792308,0 days 00:00:00.000201
400,2021-05-20 14:16:22.792112,2021-05-20 14:16:22.792513,0 days 00:00:00.000401
400,2021-05-20 14:16:22.792117,2021-05-20 14:16:22.792518,0 days 00:00:00.000401
400,2021-05-20 14:16:22.792122,2021-05-20 14:16:22.792323,0 days 00:00:00.000201
200,2021-05-20 14:16:22.792127,2021-05-20 14:16:22.792428,0 days 00:00:00.000301
200,2021-05-20 14:16:22.792132,2021-05-20 14:16:22.792333,0 days 00:00:00.000201
400,2021-05-20 14:16:22.792137,2021-05-20 14:16:22.792338,0 days 00:00:00.000201
200,2021-05-20 14:16:22.792145,2021-05-20 14:16:22.792646,0 days 00:00:00.000501
500,2021-05-20 14:16:22.792150,2021-05-20 14:16:22.792551,0 days 00:00:00.000401
500,2021-05-20 14:16:22.792155,2021-05-20 14:16:22.792556,0 days 00:00:00.000401
200,2021-05-20 14:16:22.792161,2021-05-20 14:16:22.792662,0 days 00:00:00.000501
200,2021-05-20 14:16:22.792167,2021-05-20 14:16:22.792468,0 days 00:00:00.000301
500,2021-05-20 14:16:22.792172,2021-05-20 14:16:22.792473,0 days 00:00:00.000301
200,2021-05-20 14:16:22.792177,2021-05-20 14:16:22.792478,0 days 00:00:00.000301
400,2021-05-20 14:16:22.792182,2021-05-20 14:16:22.792483,0 days 00:00:00.000301
200,2021-05-20 14:16:22.792188,2021-05-20 14:16:22.792689,0 days 00:00:00.000501
500,2021-05-20 14:16:22.792193,2021-05-20 14:16:22.792394,0 days 00:00:00.000201
400,2021-05-20 14:16:22.792198,2021-05-20 14:16:22.792699,0 days 00:00:00.000501
500,2021-05-20 14:16:22.792203,2021-05-20 14:16:22.792704,0 days 00:00:00.000501
500,2021-05-20 14:16:22.792208,2021-05-20 14:16:22.792509,0 days 00:00:00.000301
200,2021-05-20 14:16:22.792213,2021-05-20 14:16:22.792614,0 days 00:00:00.000401
200,2021-05-20 14:16:22.792218,2021-05-20 14:16:22.792719,0 days 00:00:00.000501
400,2021-05-20 14:16:22.792223,2021-05-20 14:16:22.792524,0 days 00:00:00.000301
200,2021-05-20 14:16:22.792228,2021-05-20 14:16:22.792529,0 days 00:00:00.000301
200,2021-05-20 14:16:22.792233,2021-05-20 14:16:22.792734,0 days 00:00:00.000501
200,2021-05-20 14:16:22.792238,2021-05-20 14:16:22.792439,0 days 00:00:00.000201
200,2021-05-20 14:16:22.792243,2021-05-20 14:16:22.792644,0 days 00:00:00.000401
400,2021-05-20 14:16:22.792248,2021-05-20 14:16:22.792449,0 days 00:00:00.000201
200,2021-05-20 14:16:22.792253,2021-05-20 14:16:22.792454,0 days 00:00:00.000201
400,2021-05-20 14:16:22.792258,2021-05-20 14:16:22.792659,0 days 00:00:00.000401
500,2021-05-20 14:16:22.792264,2021-05-20 14:16:22.792564,0 days 00:00:00.000300
200,2021-05-20 14:16:22.792269,2021-05-20 14:16:22.792569,0 days 00:00:00.000300
200,2021-05-20 14:16:22.792273,2021-05-20 14:16:22.792574,0 days 00:00:00.000301
200,2021-05-20 14:16:22.792279,2021-05-20 14:16:22.792680,0 days 00:00:00.000401
400,2021-05-20 14:16:22.792284,2021-05-20 14:16:22.792485,0 days 00:00:00.000201
400,2021-05-20 14:16:22.792289,2021-05-20 14:16:22.792490,0 days 00:00:00.000201
200,2021-05-20 14:16:22.792294,2021-05-20 14:16:22.792495,0 days 00:00:00.000201
200,2021-05-20 14:16:22.792299,2021-05-20 14:16:22.792800,0 days 00:00:00.000501
500,2021-05-20 14:16:22.792304,2021-05-20 14:16:22.792605,0 days 00:00:00.000301
400,2021-05-20 14:16:22.792309,2021-05-20 14:16:22.792610,0 days 00:00:00.000301
500,2021-05-20 14:16:22.792317,2021-05-20 14:16:22.792718,0 days 00:00:00.000401
200,2021-05-20 14:16:22.792322,2021-05-20 14:16:22.792523,0 days 00:00:00.000201
200,2021-05-20 14:16:22.792327,2021-05-20 14:16:22.792728,0 days 00:00:00.000401
500,2021-05-20 14:16:22.792332,2021-05-20 14:16:22.792633,0 days 00:00:00.000301
500,2021-05-20 14:16:22.792337,2021-05-20 14:16:22.792838,0 days 00:00:00.000501
500,2021-05-20 14:16:22.792342,2021-05-20 14:16:22.792743,0 days 00:00:00.000401
500,2021-05-20 14:16:22.792347,2021-05-20 14:16:22.792748,0 days 00:00:00.000401
400,2021-05-20 14:16:22.792352,2021-05-20 14:16:22.792853,0 days 00:00:00.000501
200,2021-05-20 14:16:22.792357,2021-05-20 14:16:22.792558,0 days 00:00:00.000201
400,2021-05-20 14:16:22.792362,2021-05-20 14:16:22.792863,0 days 00:00:00.000501
500,2021-05-20 14:16:22.792367,2021-05-20 14:16:22.792868,0 days 00:00:00.000501
400,2021-05-20 14:16:22.792372,2021-05-20 14:16:22.792773,0 days 00:00:00.000401
400,2021-05-20 14:16:22.792378,2021-05-20 14:16:22.792778,0 days 00:00:00.000400
500,2021-05-20 14:16:22.792383,2021-05-20 14:16:22.792684,0 days 00:00:00.000301
500,2021-05-20 14:16:22.792388,2021-05-20 14:16:22.792788,0 days 00:00:00.000400
400,2021-05-20 14:16:22.792393,2021-05-20 14:16:22.792593,0 days 00:00:00.000200
200,2021-05-20 14:16:22.792398,2021-05-20 14:16:22.792798,0 days 00:00:00.000400
400,2021-05-20 14:16:22.792403,2021-05-20 14:16:22.792603,0 days 00:00:00.000200
200,2021-05-20 14:16:22.792408,2021-05-20 14:16:22.792609,0 days 00:00:00.000201
200,2021-05-20 14:16:22.792413,2021-05-20 14:16:22.792714,0 days 00:00:00.000301
500,2021-05-20 14:16:22.792418,2021-05-20 14:16:22.792719,0 days 00:00:00.000301
400,2021-05-20 14:16:22.792423,2021-05-20 14:16:22.792924,0 days 00:00:00.000501
500,2021-05-20 14:16:22.792428,2021-05-20 14:16:22.792729,0 days 00:00:00.000301
500,2021-05-20 14:16:22.792447,2021-05-20 14:16:22.792848,0 days 00:00:00.000401
500,2021-05-20 14:16:22.792453,2021-05-20 14:16:22.792853,0 days 00:00:00.000400
500,2021-05-20 14:16:22.792457,2021-05-20 14:16:22.792958,0 days 00:00:00.000501
400,2021-05-20 14:16:22.792462,2021-05-20 14:16:22.792663,0 days 00:00:00.000201
400,2021-05-20 14:16:22.792467,2021-05-20 14:16:22.792868,0 days 00:00:00.000401
200,2021-05-20 14:16:22.792472,2021-05-20 14:16:22.792973,0 days 00:00:00.000501
400,2021-05-20 14:16:22.792477,2021-05-20 14:16:22.792878,0 days 00:00:00.000401
200,2021-05-20 14:16:22.792482,2021-05-20 14:16:22.792982,0 days 00:00:00.000500
400,2021-05-20 14:16:22.792487,2021-05-20 14:16:22.792787,0 days 00:00:00.000300
400,2021-05-20 14:16:22.792491,2021-05-20 14:16:22.792692,0 days 00:00:00.000201
500,2021-05-20 14:16:22.792496,2021-05-20 14:16:22.792997,0 days 00:00:00.000501
400,2021-05-20 14:16:22.792503,2021-05-20 14:16:22.792904,0 days 00:00:00.000401
400,2021-05-20 14:16:22.792508,2021-05-20 14:16:22.793009,0 days 00:00:00.000501
400,2021-05-20 14:16:22.792513,2021-05-20 14:16:22.792714,0 days 00:00:00.000201
400,2021-05-20 14:16:22.792518,2021-05-20 14:16:22.792819,0 days 00:00:00.000301
200,2021-05-20 14:16:22.792523,2021-05-20 14:16:22.793024,0 days 00:00:00.000501
400,2021-05-20 14:16:22.792528,2021-05-20 14:16:22.792928,0 days 00:00:00.000400
400,2021-05-20 14:16:22.792533,2021-05-20 14:16:22.792934,0 days 00:00:00.000401
500,2021-05-20 14:16:22.792538,2021-05-20 14:16:22.793039,0 days 00:00:00.000501
400,2021-05-20 14:16:22.792543,2021-05-20 14:16:22.792844,0 days 00:00:00.000301
500,2021-05-20 14:16:22.792548,2021-05-20 14:16:22.792749,0 days 00:00:00.000201
500,2021-05-20 14:16:22.792553,2021-05-20 14:16:22.792854,0 days 00:00:00.000301
200,2021-05-20 14:16:22.792558,2021-05-20 14:16:22.792859,0 days 00:00:00.000301
500,2021-05-20 14:16:22.792563,2021-05-20 14:16:22.792864,0 days 00:00:00.000301
500,2021-05-20 14:16:22.792567,2021-05-20 14:16:22.792968,0 days 00:00:00.000401
400,2021-05-20 14:16:22.792572,2021-05-20 14:16:22.792973,0 days 00:00:00.000401
200,2021-05-20 14:16:22.792578,2021-05-20 14:16:22.792778,0 days 00:00:00.000200
500,2021-05-20 14:16:22.792582,2021-05-20 14:16:22.792883,0 days 00:00:00.000301
500,2021-05-20 14:16:22.792588,2021-05-20 14:16:22.793089,0 days 00:00:00.000501
400,2021-05-20 14:16:22.792593,2021-05-20 14:16:22.793094,0 days 00:00:00.000501
200,2021-05-20 14:16:22.792598,2021-05-20 14:16:22.792899,0 days 00:00:00.000301
500,2021-05-20 14:16:22.792603,2021-05-20 14:16:22.793004,0 days 00:00:00.000401
200,2021-05-20 14:16:22.792608,2021-05-20 14:16:22.793109,0 days 00:00:00.000501
500,2021-05-20 14:16:22.792613,2021-05-20 14:16:22.793114,0 days 00:00:00.000501
500,2021-05-20 14:16:22.792618,2021-05-20 14:16:22.792819,0 days 00:00:00.000201
200,2021-05-20 14:16:22.792623,2021-05-20 14:16:22.792924,0 days 00:00:00.000301
400,2021-05-20 14:16:22.792628,2021-05-20 14:16:22.792829,0 days 00:00:00.000201
500,2021-05-20 14:16:22.792632,2021-05-20 14:16:22.793033,0 days 00:00:00.000401
200,2021-05-20 14:16:22.792637,2021-05-20 14:16:22.792838,0 days 00:00:00.000201
200,2021-05-20 14:16:22.792642,2021-05-20 14:16:22.793143,0 days 00:00:00.000501
400,2021-05-20 14:16:22.792647,2021-05-20 14:16:22.793048,0 days 00:00:00.000401
500,2021-05-20 14:16:22.792652,2021-05-20 14:16:22.793052,0 days 00:00:00.000400
200,2021-05-20 14:16:22.792656,2021-05-20 14:16:22.792957,0 days 00:00:00.000301
400,2021-05-20 14:16:22.792661,2021-05-20 14:16:22.793062,0 days 00:00:00.000401
200,2021-05-20 14:16:22.792666,2021-05-20 14:16:22.792967,0 days 00:00:00.000301
200,2021-05-20 14:16:22.792673,2021-05-20 14:16:22.793174,0 days 00:00:00.000501
500,2021-05-20 14:16:22.792678,2021-05-20 14:16:22.792878,0 days 00:00:00.000200
200,2021-05-20 14:16:22.792682,2021-05-20 14:16:22.793083,0 days 00:00:00.000401
200,2021-05-20 14:16:22.792687,2021-05-20 14:16:22.792988,0 days 00:00:00.000301
200,2021-05-20 14:16:22.792692,2021-05-20 14:16:22.792893,0 days 00:00:00.000201
400,2021-05-20 14:16:22.792697,2021-05-20 14:16:22.793098,0 days 00:00:00.000401
500,2021-05-20 14:16:22.792702,2021-05-20 14:16:22.793003,0 days 00:00:00.000301
400,2021-05-20 14:16:22.792708,2021-05-20 14:16:22.793208,0 days 00:00:00.000500
200,2021-05-20 14:16:22.792713,2021-05-20 14:16:22.793113,0 days 00:00:00.000400
400,2021-05-20 14:16:22.792718,2021-05-20 14:16:22.793019,0 days 00:00:00.000301
400,2021-05-20 14:16:22.792723,2021-05-20 14:16:22.793023,0 days 00:00:00.000300
200,2021-05-20 14:16:22.792728,2021-05-20 14:16:22.793229,0 days 00:00:00.000501
500,2021-05-20 14:16:22.792733,2021-05-20 14:16:22.793233,0 days 00:00:00.000500
200,2021-05-20 14:16:22.792738,2021-05-20 14:16:22.793239,0 days 00:00:00.000501
500,2021-05-20 14:16:22.792743,2021-05-20 14:16:22.793244,0 days 00:00:00.000501
200,2021-05-20 14:16:22.792748,2021-05-20 14:16:22.793049,0 days 00:00:00.000301
400,2021-05-20 14:16:22.792753,2021-05-20 14:16:22.793154,0 days 00:00:00.000401
200,2021-05-20 14:16:22.792758,2021-05-20 14:16:22.793159,0 days 00:00:00.000401
400,2021-05-20 14:16:22.792763,2021-05-20 14:16:22.793264,0 days 00:00:00.000501
400,2021-05-20 14:16:22.792768,2021-05-20 14:16:22.793068,0 days 00:00:00.000300
200,2021-05-20 14:16:22.792773,2021-05-20 14:16:22.792974,0 days 00:00:00.000201
200,2021-05-20 14:16:22.792778,2021-05-20 14:16:22.792979,0 days 00:00:00.000201
400,2021-05-20 14:16:22.792783,2021-05-20 14:16:22.793284,0 days 00:00:00.000501
500,2021-05-20 14:16:22.792788,2021-05-20 14:16:22.793289,0 days 00:00:00.000501
500,2021-05-20 14:16:22.792793,2021-05-20 14:16:22.793194,0 days 00:00:00.000401
500,2021-05-20 14:16:22.792798,2021-05-20 14:16:22.792998,0 days 00:00:00.000200
500,2021-05-20 14:16:22.792802,2021-05-20 14:16:22.793003,0 days 00:00:00.000201
400,2021-05-20 14:16:22.792808,2021-05-20 14:16:22.793008,0 days 00:00:00.000200
200,2021-05-20 14:16:22.792812,2021-05-20 14:16:22.793213,0 days 00:00:00.000401
400,2021-05-20 14:16:22.792817,2021-05-20 14:16:22.793018,0 days 00:00:00.000201
200,2021-05-20 14:16:22.792822,2021-05-20 14:16:22.793323,0 days 00:00:00.000501
500,2021-05-20 14:16:22.792827,2021-05-20 14:16:22.793028,0 days 00:00:00.000201
400,2021-05-20 14:16:22.792832,2021-05-20 14:16:22.793033,0 days 00:00:00.000201
400,2021-05-20 14:16:22.792849,2021-05-20 14:16:22.793050,0 days 00:00:00.000201
400,2021-05-20 14:16:22.792854,2021-05-20 14:16:22.793255,0 days 00:00:00.000401
400,2021-05-20 14:16:22.792859,2021-05-20 14:16:22.793259,0 days 00:00:00.000400
200,2021-05-20 14:16:22.792863,2021-05-20 14:16:22.793264,0 days 00:00:00.000401
500,2021-05-20 14:16:22.792868,2021-05-20 14:16:22.793069,0 days 00:00:00.000201
500,2021-05-20 14:16:22.792873,2021-05-20 14:16:22.793074,0 days 00:00:00.000201
200,2021-05-20 14:16:22.792878,2021-05-20 14:16:22.793379,0 days 00:00:00.000501
200,2021-05-20 14:16:22.792883,2021-05-20 14:16:22.793284,0 days 00:00:00.000401
500,2021-05-20 14:16:22.792888,2021-05-20 14:16:22.793089,0 days 00:00:00.000201
200,2021-05-20 14:16:22.792893,2021-05-20 14:16:22.793294,0 days 00:00:00.000401
400,2021-05-20 14:16:22.792898,2021-05-20 14:16:22.793399,0 days 00:00:00.000501
500,2021-05-20 14:16:22.792903,2021-05-20 14:16:22.793403,0 days 00:00:00.000500
400,2021-05-20 14:16:22.792907,2021-05-20 14:16:22.793108,0 days 00:00:00.000201
500,2021-05-20 14:16:22.792912,2021-05-20 14:16:22.793113,0 days 00:00:00.000201
500,2021-05-20 14:16:22.792918,2021-05-20 14:16:22.793318,0 days 00:00:00.000400
500,2021-05-20 14:16:22.792922,2021-05-20 14:16:22.793223,0 days 00:00:00.000301
200,2021-05-20 14:16:22.792928,2021-05-20 14:16:22.793328,0 days 00:00:00.000400
400,2021-05-20 14:16:22.792932,2021-05-20 14:16:22.793233,0 days 00:00:00.000301
400,2021-05-20 14:16:22.792937,2021-05-20 14:16:22.793138,0 days 00:00:00.000201
200,2021-05-20 14:16:22.792942,2021-05-20 14:16:22.793143,0 days 00:00:00.000201
500,2021-05-20 14:16:22.792947,2021-05-20 14:16:22.793247,0 days 00:00:00.000300
400,2021-05-20 14:16:22.792951,2021-05-20 14:16:22.793152,0 days 00:00:00.000201
500,2021-05-20 14:16:22.792956,2021-05-20 14:16:22.793157,0 days 00:00:00.000201
500,2021-05-20 14:16:22.792961,2021-05-20 14:16:22.793262,0 days 00:00:00.000301
500,2021-05-20 14:16:22.792967,2021-05-20 14:16:22.793468,0 days 00:00:00.000501
200,2021-05-20 14:16:22.792972,2021-05-20 14:16:22.793472,0 days 00:00:00.000500
500,2021-05-20 14:16:22.792977,2021-05-20 14:16:22.793477,0 days 00:00:00.000500
400,2021-05-20 14:16:22.792982,2021-05-20 14:16:22.793383,0 days 00:00:00.000401
400,2021-05-20 14:16:22.792987,2021-05-20 14:16:22.793287,0 days 00:00:00.000300
500,2021-05-20 14:16:22.792992,2021-05-20 14:16:22.793392,0 days 00:00:00.000400
200,2021-05-20 14:16:22.792996,2021-05-20 14:16:22.793197,0 days 00:00:00.000201
500,2021-05-20 14:16:22.793001,2021-05-20 14:16:22.793302,0 days 00:00:00.000301
200,2021-05-20 14:16:22.793006,2021-05-20 14:16:22.793307,0 days 00:00:00.000301
500,2021-05-20 14:16:22.793011,2021-05-20 14:16:22.793512,0 days 00:00:00.000501
200,2021-05-20 14:16:22.793018,2021-05-20 14:16:22.793519,0 days 00:00:00.000501
400,2021-05-20 14:16:22.793023,2021-05-20 14:16:22.793223,0 days 00:00:00.000200
200,2021-05-20 14:16:22.793028,2021-05-20 14:16:22.793329,0 days 00:00:00.000301
400,2021-05-20 14:16:22.793033,2021-05-20 14:16:22.793433,0 days 00:00:00.000400
500,2021-05-20 14:16:22.793038,2021-05-20 14:16:22.793438,0 days 00:00:00.000400
200,2021-05-20 14:16:22.793043,2021-05-20 14:16:22.793543,0 days 00:00:00.000500
500,2021-05-20 14:16:22.793048,2021-05-20 14:16:22.793348,0 days 00:00:00.000300
400,2021-05-20 14:16:22.793052,2021-05-20 14:16:22.793553,0 days 00:00:00.000501
400,2021-05-20 14:16:22.793058,2021-05-20 14:16:22.793459,0 days 00:00:00.000401
400,2021-05-20 14:16:22.793064,2021-05-20 14:16:22.793565,0 days 00:00:00.000501
400,2021-05-20 14:16:22.793069,2021-05-20 14:16:22.793370,0 days 00:00:00.000301
500,2021-05-20 14:16:22.793075,2021-05-20 14:16:22.793475,0 days 00:00:00.000400
200,2021-05-20 14:16:22.793079,2021-05-20 14:16:22.793480,0 days 00:00:00.000401
200,2021-05-20 14:16:22.793084,2021-05-20 14:16:22.793285,0 days 00:00:00.000201
500,2021-05-20 14:16:22.793089,2021-05-20 14:16:22.793590,0 days 00:00:00.000501
400,2021-05-20 14:16:22.793095,2021-05-20 14:16:22.793495,0 days 00:00:00.000400
200,2021-05-20 14:16:22.793100,2021-05-20 14:16:22.793600,0 days 00:00:00.000500
500,2021-05-20 14:16:22.793104,2021-05-20 14:16:22.793305,0 days 00:00:00.000201
200,2021-05-20 14:16:22.793109,2021-05-20 14:16:22.793610,0 days 00:00:00.000501
500,2021-05-20 14:16:22.793115,2021-05-20 14:16:22.793516,0 days 00:00:00.000401
200,2021-05-20 14:16:22.793120,2021-05-20 14:16:22.793520,0 days 00:00:00.000400
400,2021-05-20 14:16:22.793125,2021-05-20 14:16:22.793625,0 days 00:00:00.000500
200,2021-05-20 14:16:22.793129,2021-05-20 14:16:22.793430,0 days 00:00:00.000301
200,2021-05-20 14:16:22.793134,2021-05-20 14:16:22.793635,0 days 00:00:00.000501
400,2021-05-20 14:16:22.793139,2021-05-20 14:16:22.793440,0 days 00:00:00.000301
400,2021-05-20 14:16:22.793144,2021-05-20 14:16:22.793345,0 days 00:00:00.000201
500,2021-05-20 14:16:22.793149,2021-05-20 14:16:22.793550,0 days 00:00:00.000401
200,2021-05-20 14:16:22.793154,2021-05-20 14:16:22.793455,0 days 00:00:00.000301
500,2021-05-20 14:16:22.793159,2021-05-20 14:16:22.793460,0 days 00:00:00.000301
500,2021-05-20 14:16:22.793164,2021-05-20 14:16:22.793565,0 days 00:00:00.000401
500,2021-05-20 14:16:22.793169,2021-05-20 14:16:22.793670,0 days 00:00:00.000501
200,2021-05-20 14:16:22.793174,2021-05-20 14:16:22.793675,0 days 00:00:00.000501
500,2021-05-20 14:16:22.793179,2021-05-20 14:16:22.793580,0 days 00:00:00.000401
200,2021-05-20 14:16:22.793185,2021-05-20 14:16:22.793385,0 days 00:00:00.000200
200,2021-05-20 14:16:22.793191,2021-05-20 14:16:22.793592,0 days 00:00:00.000401
200,2021-05-20 14:16:22.793196,2021-05-20 14:16:22.793597,0 days 00:00:00.000401
200,2021-05-20 14:16:22.793201,2021-05-20 14:16:22.793502,0 days 00:00:00.000301
200,2021-05-20 14:16:22.793206,2021-05-20 14:16:22.793707,0 days 00:00:00.000501
200,2021-05-20 14:16:22.793211,2021-05-20 14:16:22.793711,0 days 00:00:00.000500
500,2021-05-20 14:16:22.793216,2021-05-20 14:16:22.793516,0 days 00:00:00.000300
500,2021-05-20 14:16:22.793220,2021-05-20 14:16:22.793421,0 days 00:00:00.000201
400,2021-05-20 14:16:22.793225,2021-05-20 14:16:22.793726,0 days 00:00:00.000501
200,2021-05-20 14:16:22.793230,2021-05-20 14:16:22.793431,0 days 00:00:00.000201
200,2021-05-20 14:16:22.793235,2021-05-20 14:16:22.793536,0 days 00:00:00.000301
500,2021-05-20 14:16:22.793240,2021-05-20 14:16:22.793541,0 days 00:00:00.000301
200,2021-05-20 14:16:22.793245,2021-05-20 14:16:22.793446,0 days 00:00:00.000201
500,2021-05-20 14:16:22.793250,2021-05-20 14:16:22.793651,0 days 00:00:00.000401
500,2021-05-20 14:16:22.793255,2021-05-20 14:16:22.793656,0 days 00:00:00.000401
200,2021-05-20 14:16:22.793260,2021-05-20 14:16:22.793761,0 days 00:00:00.000501
200,2021-05-20 14:16:22.793265,2021-05-20 14:16:22.793766,0 days 00:00:00.000501
400,2021-05-20 14:16:22.793270,2021-05-20 14:16:22.793771,0 days 00:00:00.000501
400,2021-05-20 14:16:22.793275,2021-05-20 14:16:22.793476,0 days 00:00:00.000201
500,2021-05-20 14:16:22.793280,2021-05-20 14:16:22.793681,0 days 00:00:00.000401
200,2021-05-20 14:16:22.793285,2021-05-20 14:16:22.793586,0 days 00:00:00.000301
200,2021-05-20 14:16:22.793290,2021-05-20 14:16:22.793690,0 days 00:00:00.000400
500,2021-05-20 14:16:22.793294,2021-05-20 14:16:22.793695,0 days 00:00:00.000401
200,2021-05-20 14:16:22.793299,2021-05-20 14:16:22.793600,0 days 00:00:00.000301
200,2021-05-20 14:16:22.793305,2021-05-20 14:16:22.793605,0 days 00:00:00.000300
500,2021-05-20 14:16:22.793310,2021-05-20 14:16:22.793511,0 days 00:00:00.000201
200,2021-05-20 14:16:22.793315,2021-05-20 14:16:22.793615,0 days 00:00:00.000300
500,2021-05-20 14:16:22.793319,2021-05-20 14:16:22.793520,0 days 00:00:00.000201
400,2021-05-20 14:16:22.793324,2021-05-20 14:16:22.793825,0 days 00:00:00.000501
400,2021-05-20 14:16:22.793330,2021-05-20 14:16:22.793731,0 days 00:00:00.000401
500,2021-05-20 14:16:22.793335,2021-05-20 14:16:22.793536,0 days 00:00:00.000201
400,2021-05-20 14:16:22.793340,2021-05-20 14:16:22.793841,0 days 00:00:00.000501
200,2021-05-20 14:16:22.793345,2021-05-20 14:16:22.793645,0 days 00:00:00.000300
500,2021-05-20 14:16:22.793350,2021-05-20 14:16:22.793850,0 days 00:00:00.000500
200,2021-05-20 14:16:22.793357,2021-05-20 14:16:22.793657,0 days 00:00:00.000300
200,2021-05-20 14:16:22.793362,2021-05-20 14:16:22.793862,0 days 00:00:00.000500
500,2021-05-20 14:16:22.793367,2021-05-20 14:16:22.793767,0 days 00:00:00.000400
200,2021-05-20 14:16:22.793371,2021-05-20 14:16:22.793672,0 days 00:00:00.000301
200,2021-05-20 14:16:22.793376,2021-05-20 14:16:22.793777,0 days 00:00:00.000401
200,2021-05-20 14:16:22.793381,2021-05-20 14:16:22.793782,0 days 00:00:00.000401
200,2021-05-20 14:16:22.793386,2021-05-20 14:16:22.793687,0 days 00:00:00.000301
500,2021-05-20 14:16:22.793391,2021-05-20 14:16:22.793592,0 days 00:00:00.000201
200,2021-05-20 14:16:22.793396,2021-05-20 14:16:22.793897,0 days 00:00:00.000501
500,2021-05-20 14:16:22.793401,2021-05-20 14:16:22.793902,0 days 00:00:00.000501
500,2021-05-20 14:16:22.793406,2021-05-20 14:16:22.793707,0 days 00:00:00.000301
500,2021-05-20 14:16:22.793412,2021-05-20 14:16:22.793812,0 days 00:00:00.000400
200,2021-05-20 14:16:22.793416,2021-05-20 14:16:22.793817,0 days 00:00:00.000401
500,2021-05-20 14:16:22.793421,2021-05-20 14:16:22.793822,0 days 00:00:00.000401
500,2021-05-20 14:16:22.793426,2021-05-20 14:16:22.793627,0 days 00:00:00.000201
400,2021-05-20 14:16:22.793431,2021-05-20 14:16:22.793732,0 days 00:00:00.000301
500,2021-05-20 14:16:22.793436,2021-05-20 14:16:22.793937,0 days 00:00:00.000501
500,2021-05-20 14:16:22.793441,2021-05-20 14:16:22.793941,0 days 00:00:00.000500
200,2021-05-20 14:16:22.793446,2021-05-20 14:16:22.793846,0 days 00:00:00.000400
200,2021-05-20 14:16:22.793451,2021-05-20 14:16:22.793651,0 days 00:00:00.000200
500,2021-05-20 14:16:22.793455,2021-05-20 14:16:22.793656,0 days 00:00:00.000201
400,2021-05-20 14:16:22.793460,2021-05-20 14:16:22.793961,0 days 00:00:00.000501
500,2021-05-20 14:16:22.793465,2021-05-20 14:16:22.793766,0 days 00:00:00.000301
500,2021-05-20 14:16:22.793470,2021-05-20 14:16:22.793971,0 days 00:00:00.000501
400,2021-05-20 14:16:22.793474,2021-05-20 14:16:22.793975,0 days 00:00:00.000501
400,2021-05-20 14:16:22.793479,2021-05-20 14:16:22.793980,0 days 00:00:00.000501
400,2021-05-20 14:16:22.793484,2021-05-20 14:16:22.793985,0 days 00:00:00.000501
200,2021-05-20 14:16:22.793489,2021-05-20 14:16:22.793990,0 days 00:00:00.000501
500,2021-05-20 14:16:22.793494,2021-05-20 14:16:22.793995,0 days 00:00:00.000501
500,2021-05-20 14:16:22.793499,2021-05-20 14:16:22.794000,0 days 00:00:00.000501
200,2021-05-20 14:16:22.793504,2021-05-20 14:16:22.793904,0 days 00:00:00.000400
400,2021-05-20 14:16:22.793508,2021-05-20 14:16:22.793809,0 days 00:00:00.000301
500,2021-05-20 14:16:22.793514,2021-05-20 14:16:22.793714,0 days 00:00:00.000200
500,2021-05-20 14:16:22.793519,2021-05-20 14:16:22.793719,0 days 00:00:00.000200
200,2021-05-20 14:16:22.793525,2021-05-20 14:16:22.794026,0 days 00:00:00.000501
500,2021-05-20 14:16:22.793530,2021-05-20 14:16:22.793831,0 days 00:00:00.000301
500,2021-05-20 14:16:22.793535,2021-05-20 14:16:22.793736,0 days 00:00:00.000201
400,2021-05-20 14:16:22.793540,2021-05-20 14:16:22.793741,0 days 00:00:00.000201
500,2021-05-20 14:16:22.793545,2021-05-20 14:16:22.794046,0 days 00:00:00.000501
200,2021-05-20 14:16:22.793550,2021-05-20 14:16:22.793951,0 days 00:00:00.000401
500,2021-05-20 14:16:22.793555,2021-05-20 14:16:22.793856,0 days 00:00:00.000301
500,2021-05-20 14:16:22.793560,2021-05-20 14:16:22.793961,0 days 00:00:00.000401
200,2021-05-20 14:16:22.793565,2021-05-20 14:16:22.793766,0 days 00:00:00.000201
500,2021-05-20 14:16:22.793570,2021-05-20 14:16:22.794070,0 days 00:00:00.000500
500,2021-05-20 14:16:22.793575,2021-05-20 14:16:22.793776,0 days 00:00:00.000201
400,2021-05-20 14:16:22.793582,2021-05-20 14:16:22.793983,0 days 00:00:00.000401
200,2021-05-20 14:16:22.793587,2021-05-20 14:16:22.793788,0 days 00:00:00.000201
200,2021-05-20 14:16:22.793592,2021-05-20 14:16:22.793993,0 days 00:00:00.000401
200,2021-05-20 14:16:22.793597,2021-05-20 14:16:22.794098,0 days 00:00:00.000501
500,2021-05-20 14:16:22.793602,2021-05-20 14:16:22.793903,0 days 00:00:00.000301
200,2021-05-20 14:16:22.793607,2021-05-20 14:16:22.794008,0 days 00:00:00.000401
200,2021-05-20 14:16:22.793612,2021-05-20 14:16:22.793813,0 days 00:00:00.000201
200,2021-05-20 14:16:22.793617,2021-05-20 14:16:22.794018,0 days 00:00:00.000401
500,2021-05-20 14:16:22.793622,2021-05-20 14:16:22.793823,0 days 00:00:00.000201
200,2021-05-20 14:16:22.793627,2021-05-20 14:16:22.794128,0 days 00:00:00.000501
200,2021-05-20 14:16:22.793632,2021-05-20 14:16:22.794133,0 days 00:00:00.000501
500,2021-05-20 14:16:22.793637,2021-05-20 14:16:22.794138,0 days 00:00:00.000501
200,2021-05-20 14:16:22.793642,2021-05-20 14:16:22.793943,0 days 00:00:00.000301
500,2021-05-20 14:16:22.793647,2021-05-20 14:16:22.793948,0 days 00:00:00.000301
400,2021-05-20 14:16:22.793652,2021-05-20 14:16:22.794153,0 days 00:00:00.000501
500,2021-05-20 14:16:22.793656,2021-05-20 14:16:22.793857,0 days 00:00:00.000201
400,2021-05-20 14:16:22.793661,2021-05-20 14:16:22.794162,0 days 00:00:00.000501
400,2021-05-20 14:16:22.793666,2021-05-20 14:16:22.794067,0 days 00:00:00.000401
500,2021-05-20 14:16:22.793671,2021-05-20 14:16:22.793972,0 days 00:00:00.000301
200,2021-05-20 14:16:22.793676,2021-05-20 14:16:22.794077,0 days 00:00:00.000401
400,2021-05-20 14:16:22.793681,2021-05-20 14:16:22.794181,0 days 00:00:00.000500
500,2021-05-20 14:16:22.793686,2021-05-20 14:16:22.794187,0 days 00:00:00.000501
200,2021-05-20 14:16:22.793692,2021-05-20 14:16:22.793992,0 days 00:00:00.000300
400,2021-05-20 14:16:22.793699,2021-05-20 14:16:22.794100,0 days 00:00:00.000401
200,2021-05-20 14:16:22.793704,2021-05-20 14:16:22.794105,0 days 00:00:00.000401
200,2021-05-20 14:16:22.793710,2021-05-20 14:16:22.794110,0 days 00:00:00.000400
200,2021-05-20 14:16:22.793714,2021-05-20 14:16:22.794015,0 days 00:00:00.000301
200,2021-05-20 14:16:22.793719,2021-05-20 14:16:22.793920,0 days 00:00:00.000201
200,2021-05-20 14:16:22.793724,2021-05-20 14:16:22.794225,0 days 00:00:00.000501
400,2021-05-20 14:16:22.793729,2021-05-20 14:16:22.794230,0 days 00:00:00.000501
200,2021-05-20 14:16:22.793734,2021-05-20 14:16:22.794035,0 days 00:00:00.000301
200,2021-05-20 14:16:22.793740,2021-05-20 14:16:22.794141,0 days 00:00:00.000401
500,2021-05-20 14:16:22.793745,2021-05-20 14:16:22.794045,0 days 00:00:00.000300
200,2021-05-20 14:16:22.793749,2021-05-20 14:16:22.794050,0 days 00:00:00.000301
400,2021-05-20 14:16:22.793754,2021-05-20 14:16:22.793955,0 days 00:00:00.000201
200,2021-05-20 14:16:22.793760,2021-05-20 14:16:22.793961,0 days 00:00:00.000201
200,2021-05-20 14:16:22.793765,2021-05-20 14:16:22.794266,0 days 00:00:00.000501
500,2021-05-20 14:16:22.793770,2021-05-20 14:16:22.794171,0 days 00:00:00.000401
200,2021-05-20 14:16:22.793775,2021-05-20 14:16:22.794076,0 days 00:00:00.000301
200,2021-05-20 14:16:22.793780,2021-05-20 14:16:22.794181,0 days 00:00:00.000401
400,2021-05-20 14:16:22.793785,2021-05-20 14:16:22.794186,0 days 00:00:00.000401
500,2021-05-20 14:16:22.793791,2021-05-20 14:16:22.793991,0 days 00:00:00.000200
200,2021-05-20 14:16:22.793796,2021-05-20 14:16:22.794096,0 days 00:00:00.000300
500,2021-05-20 14:16:22.793800,2021-05-20 14:16:22.794101,0 days 00:00:00.000301
400,2021-05-20 14:16:22.793805,2021-05-20 14:16:22.794206,0 days 00:00:00.000401
500,2021-05-20 14:16:22.793810,2021-05-20 14:16:22.794311,0 days 00:00:00.000501
400,2021-05-20 14:16:22.793815,2021-05-20 14:16:22.794016,0 days 00:00:00.000201
200,2021-05-20 14:16:22.793820,2021-05-20 14:16:22.794321,0 days 00:00:00.000501
500,2021-05-20 14:16:22.793824,2021-05-20 14:16:22.794025,0 days 00:00:00.000201
500,2021-05-20 14:16:22.793829,2021-05-20 14:16:22.794230,0 days 00:00:00.000401
500,2021-05-20 14:16:22.793834,2021-05-20 14:16:22.794235,0 days 00:00:00.000401
400,2021-05-20 14:16:22.793839,2021-05-20 14:16:22.794140,0 days 00:00:00.000301
400,2021-05-20 14:16:22.793844,2021-05-20 14:16:22.794345,0 days 00:00:00.000501
500,2021-05-20 14:16:22.793849,2021-05-20 14:16:22.794050,0 days 00:00:00.000201
400,2021-05-20 14:16:22.793854,2021-05-20 14:16:22.794255,0 days 00:00:00.000401
500,2021-05-20 14:16:22.793859,2021-05-20 14:16:22.794060,0 days 00:00:00.000201
500,2021-05-20 14:16:22.793866,2021-05-20 14:16:22.794167,0 days 00:00:00.000301
400,2021-05-20 14:16:22.793872,2021-05-20 14:16:22.794172,0 days 00:00:00.000300
500,2021-05-20 14:16:22.793876,2021-05-20 14:16:22.794277,0 days 00:00:00.000401
200,2021-05-20 14:16:22.793881,2021-05-20 14:16:22.794082,0 days 00:00:00.000201
400,2021-05-20 14:16:22.793886,2021-05-20 14:16:22.794287,0 days 00:00:00.000401
500,2021-05-20 14:16:22.793892,2021-05-20 14:16:22.794293,0 days 00:00:00.000401
400,2021-05-20 14:16:22.793897,2021-05-20 14:16:22.794398,0 days 00:00:00.000501
500,2021-05-20 14:16:22.793902,2021-05-20 14:16:22.794103,0 days 00:00:00.000201
200,2021-05-20 14:16:22.793907,2021-05-20 14:16:22.794208,0 days 00:00:00.000301
400,2021-05-20 14:16:22.793912,2021-05-20 14:16:22.794113,0 days 00:00:00.000201
500,2021-05-20 14:16:22.793917,2021-05-20 14:16:22.794118,0 days 00:00:00.000201
400,2021-05-20 14:16:22.793922,2021-05-20 14:16:22.794323,0 days 00:00:00.000401
400,2021-05-20 14:16:22.793927,2021-05-20 14:16:22.794228,0 days 00:00:00.000301
500,2021-05-20 14:16:22.793932,2021-05-20 14:16:22.794333,0 days 00:00:00.000401
200,2021-05-20 14:16:22.793937,2021-05-20 14:16:22.794338,0 days 00:00:00.000401
500,2021-05-20 14:16:22.793942,2021-05-20 14:16:22.794243,0 days 00:00:00.000301
200,2021-05-20 14:16:22.793947,2021-05-20 14:16:22.794248,0 days 00:00:00.000301
400,2021-05-20 14:16:22.793952,2021-05-20 14:16:22.794253,0 days 00:00:00.000301
400,2021-05-20 14:16:22.793957,2021-05-20 14:16:22.794258,0 days 00:00:00.000301
400,2021-05-20 14:16:22.793963,2021-05-20 14:16:22.794463,0 days 00:00:00.000500
200,2021-05-20 14:16:22.793968,2021-05-20 14:16:22.794468,0 days 00:00:00.000500
200,2021-05-20 14:16:22.793973,2021-05-20 14:16:22.794173,0 days 00:00:00.000200
200,2021-05-20 14:16:22.793978,2021-05-20 14:16:22.794378,0 days 00:00:00.000400
500,2021-05-20 14:16:22.793982,2021-05-20 14:16:22.794283,0 days 00:00:00.000301
200,2021-05-20 14:16:22.793987,2021-05-20 14:16:22.794388,0 days 00:00:00.000401
200,2021-05-20 14:16:22.793992,2021-05-20 14:16:22.794393,0 days 00:00:00.000401
400,2021-05-20 14:16:22.793997,2021-05-20 14:16:22.794298,0 days 00:00:00.000301
500,2021-05-20 14:16:22.794003,2021-05-20 14:16:22.794204,0 days 00:00:00.000201
200,2021-05-20 14:16:22.794008,2021-05-20 14:16:22.794309,0 days 00:00:00.000301
500,2021-05-20 14:16:22.794013,2021-05-20 14:16:22.794413,0 days 00:00:00.000400
200,2021-05-20 14:16:22.794017,2021-05-20 14:16:22.794418,0 days 00:00:00.000401
500,2021-05-20 14:16:22.794022,2021-05-20 14:16:22.794423,0 days 00:00:00.000401
200,2021-05-20 14:16:22.794027,2021-05-20 14:16:22.794228,0 days 00:00:00.000201
200,2021-05-20 14:16:22.794032,2021-05-20 14:16:22.794333,0 days 00:00:00.000301
200,2021-05-20 14:16:22.794039,2021-05-20 14:16:22.794240,0 days 00:00:00.000201
500,2021-05-20 14:16:22.794044,2021-05-20 14:16:22.794445,0 days 00:00:00.000401
400,2021-05-20 14:16:22.794049,2021-05-20 14:16:22.794549,0 days 00:00:00.000500
200,2021-05-20 14:16:22.794053,2021-05-20 14:16:22.794454,0 days 00:00:00.000401
500,2021-05-20 14:16:22.794058,2021-05-20 14:16:22.794359,0 days 00:00:00.000301
500,2021-05-20 14:16:22.794063,2021-05-20 14:16:22.794464,0 days 00:00:00.000401
500,2021-05-20 14:16:22.794068,2021-05-20 14:16:22.794469,0 days 00:00:00.000401
200,2021-05-20 14:16:22.794073,2021-05-20 14:16:22.794274,0 days 00:00:00.000201
500,2021-05-20 14:16:22.794078,2021-05-20 14:16:22.794479,0 days 00:00:00.000401
400,2021-05-20 14:16:22.794083,2021-05-20 14:16:22.794583,0 days 00:00:00.000500
200,2021-05-20 14:16:22.794088,2021-05-20 14:16:22.794288,0 days 00:00:00.000200
200,2021-05-20 14:16:22.794092,2021-05-20 14:16:22.794493,0 days 00:00:00.000401
500,2021-05-20 14:16:22.794097,2021-05-20 14:16:22.794498,0 days 00:00:00.000401
200,2021-05-20 14:16:22.794102,2021-05-20 14:16:22.794603,0 days 00:00:00.000501
400,2021-05-20 14:16:22.794108,2021-05-20 14:16:22.794408,0 days 00:00:00.000300
400,2021-05-20 14:16:22.794112,2021-05-20 14:16:22.794513,0 days 00:00:00.000401
400,2021-05-20 14:16:22.794117,2021-05-20 14:16:22.794618,0 days 00:00:00.000501
200,2021-05-20 14:16:22.794122,2021-05-20 14:16:22.794423,0 days 00:00:00.000301
200,2021-05-20 14:16:22.794127,2021-05-20 14:16:22.794427,0 days 00:00:00.000300
200,2021-05-20 14:16:22.794131,2021-05-20 14:16:22.794632,0 days 00:00:00.000501
500,2021-05-20 14:16:22.794136,2021-05-20 14:16:22.794337,0 days 00:00:00.000201
200,2021-05-20 14:16:22.794141,2021-05-20 14:16:22.794542,0 days 00:00:00.000401
400,2021-05-20 14:16:22.794146,2021-05-20 14:16:22.794647,0 days 00:00:00.000501
500,2021-05-20 14:16:22.794151,2021-05-20 14:16:22.794651,0 days 00:00:00.000500
200,2021-05-20 14:16:22.794156,2021-05-20 14:16:22.794656,0 days 00:00:00.000500
200,2021-05-20 14:16:22.794161,2021-05-20 14:16:22.794663,0 days 00:00:00.000502
400,2021-05-20 14:16:22.794172,2021-05-20 14:16:22.794573,0 days 00:00:00.000401
500,2021-05-20 14:16:22.794178,2021-05-20 14:16:22.794479,0 days 00:00:00.000301
200,2021-05-20 14:16:22.794183,2021-05-20 14:16:22.794484,0 days 00:00:00.000301
200,2021-05-20 14:16:22.794188,2021-05-20 14:16:22.794388,0 days 00:00:00.000200
500,2021-05-20 14:16:22.794192,2021-05-20 14:16:22.794393,0 days 00:00:00.000201
500,2021-05-20 14:16:22.794197,2021-05-20 14:16:22.794698,0 days 00:00:00.000501
500,2021-05-20 14:16:22.794202,2021-05-20 14:16:22.794403,0 days 00:00:00.000201
500,2021-05-20 14:16:22.794207,2021-05-20 14:16:22.794508,0 days 00:00:00.000301
500,2021-05-20 14:16:22.794214,2021-05-20 14:16:22.794615,0 days 00:00:00.000401
